location,time,temperature_2m_max,temperature_2m_min,precipitation_sum,wind_speed_10m_max,cloudcover_mean,shortwave_radiation_sum
Guwahati,2022-01-01,23.4,11.9,0.0,8.9,53,11.46
Guwahati,2022-01-02,23.7,11.7,0.0,8.0,36,12.52
Guwahati,2022-01-03,23.6,12.3,0.0,6.8,38,12.03
Guwahati,2022-01-04,23.3,11.5,0.0,8.7,8,11.94
Guwahati,2022-01-05,23.5,11.6,0.0,9.1,26,11.35
Guwahati,2022-01-06,23.9,12.0,0.0,6.7,11,12.27
Guwahati,2022-01-07,24.7,12.3,0.0,7.3,1,12.33
Guwahati,2022-01-08,24.9,12.0,0.0,6.6,0,12.47
Guwahati,2022-01-09,24.9,12.9,0.0,7.1,32,12.39
Guwahati,2022-01-10,25.2,13.6,0.0,7.0,12,12.39
Guwahati,2022-01-11,24.2,14.5,0.0,6.5,83,10.39
Guwahati,2022-01-12,22.9,16.1,11.3,8.4,92,10.52
Guwahati,2022-01-13,21.5,13.4,0.0,9.8,45,11.32
Guwahati,2022-01-14,20.1,12.4,0.0,9.2,88,7.71
Guwahati,2022-01-15,22.5,12.1,0.0,10.2,40,12.0
Guwahati,2022-01-16,22.6,11.4,0.0,7.2,0,12.72
Guwahati,2022-01-17,22.6,11.0,0.0,9.0,18,12.91
Guwahati,2022-01-18,22.3,11.7,0.2,10.4,75,10.42
Guwahati,2022-01-19,23.6,12.1,0.0,7.0,25,12.14
Guwahati,2022-01-20,21.4,12.3,9.1,9.6,81,9.2
Guwahati,2022-01-21,21.2,12.7,2.2,11.9,37,12.43
Guwahati,2022-01-22,20.8,12.1,1.1,8.3,35,12.01
Guwahati,2022-01-23,19.7,12.7,0.3,9.0,84,7.75
Guwahati,2022-01-24,21.5,13.4,0.2,14.3,60,10.47
Guwahati,2022-01-25,22.2,11.2,0.0,7.6,18,12.6
Guwahati,2022-01-26,21.1,13.2,3.0,8.2,46,11.21
Guwahati,2022-01-27,19.4,13.8,1.0,10.7,48,9.33
Guwahati,2022-01-28,18.8,10.2,0.0,10.6,17,13.96
Guwahati,2022-01-29,19.8,8.4,0.0,7.4,10,14.26
Guwahati,2022-01-30,20.6,10.9,0.0,7.6,8,13.9
Guwahati,2022-01-31,21.3,9.7,1.8,8.3,27,13.9
Guwahati,2022-02-01,19.5,11.0,10.4,10.7,56,11.7
Guwahati,2022-02-02,20.4,11.2,0.0,12.0,47,12.31
Guwahati,2022-02-03,22.2,10.7,0.2,10.5,27,14.29
Guwahati,2022-02-04,16.5,12.6,27.7,16.9,88,3.63
Guwahati,2022-02-05,19.2,11.9,12.0,20.0,76,9.77
Guwahati,2022-02-06,19.3,8.8,0.0,6.9,27,13.73
Guwahati,2022-02-07,20.5,11.1,1.3,12.1,58,13.58
Guwahati,2022-02-08,19.7,13.0,0.7,8.2,51,11.84
Guwahati,2022-02-09,21.4,11.1,0.0,6.9,25,13.6
Guwahati,2022-02-10,21.2,10.9,0.3,8.3,63,11.83
Guwahati,2022-02-11,20.7,14.3,1.1,11.5,55,11.52
Guwahati,2022-02-12,21.0,12.6,0.9,9.1,13,14.13
Guwahati,2022-02-13,22.6,10.4,0.0,10.0,0,15.62
Guwahati,2022-02-14,24.6,11.1,0.0,9.3,4,15.74
Guwahati,2022-02-15,25.1,11.3,0.0,5.8,5,15.68
Guwahati,2022-02-16,24.7,13.4,0.0,9.5,10,15.16
Guwahati,2022-02-17,24.8,14.2,0.0,8.1,4,15.69
Guwahati,2022-02-18,24.7,12.2,0.0,8.3,11,15.53
Guwahati,2022-02-19,24.8,13.3,0.0,13.4,1,15.68
Guwahati,2022-02-20,23.9,13.8,2.3,11.7,28,14.97
Guwahati,2022-02-21,20.3,11.8,3.2,15.3,35,13.82
Guwahati,2022-02-22,23.4,12.2,0.0,12.0,27,14.63
Guwahati,2022-02-23,24.8,11.8,0.0,10.7,32,14.17
Guwahati,2022-02-24,25.9,13.7,0.0,8.6,47,12.78
Guwahati,2022-02-25,26.2,14.5,10.2,12.9,61,12.1
Guwahati,2022-02-26,25.5,13.5,0.0,8.8,14,13.87
Guwahati,2022-02-27,26.0,13.2,0.0,8.0,20,13.51
Guwahati,2022-02-28,25.0,14.0,4.4,12.3,25,12.11
Guwahati,2022-03-01,27.3,15.3,0.0,10.1,28,13.64
Guwahati,2022-03-02,28.4,14.8,0.0,8.0,5,13.81
Guwahati,2022-03-03,28.8,15.9,0.0,8.5,5,13.16
Guwahati,2022-03-04,29.0,16.4,0.0,10.9,2,14.44
Guwahati,2022-03-05,28.7,16.5,0.0,9.7,21,14.3
Guwahati,2022-03-06,30.2,15.0,0.0,10.5,0,14.27
Guwahati,2022-03-07,31.2,15.4,0.0,10.2,0,14.39
Guwahati,2022-03-08,32.9,16.6,0.0,8.1,1,13.96
Guwahati,2022-03-09,33.7,19.1,0.0,10.3,0,13.83
Guwahati,2022-03-10,34.7,18.2,0.0,10.7,0,14.13
Guwahati,2022-03-11,32.6,18.4,0.0,11.7,33,13.86
Guwahati,2022-03-12,33.1,19.5,0.0,12.0,39,13.52
Guwahati,2022-03-13,33.7,19.0,0.0,9.7,28,13.38
Guwahati,2022-03-14,35.1,19.8,0.0,11.0,0,14.02
Guwahati,2022-03-15,34.3,20.0,0.0,13.7,0,13.64
Guwahati,2022-03-16,34.3,20.7,0.0,11.3,2,13.84
Guwahati,2022-03-17,34.8,22.1,0.0,11.9,1,13.63
Guwahati,2022-03-18,35.3,20.8,0.0,14.4,30,13.8
Guwahati,2022-03-19,35.0,21.8,0.0,14.3,39,13.63
Guwahati,2022-03-20,35.1,22.1,0.0,14.7,7,14.11
Guwahati,2022-03-21,34.1,20.8,0.0,10.3,14,13.92
Guwahati,2022-03-22,33.6,22.1,0.0,9.4,19,12.86
Guwahati,2022-03-23,35.7,21.8,0.0,17.4,34,13.62
Guwahati,2022-03-24,36.0,23.1,0.0,27.5,13,13.98
Guwahati,2022-03-25,29.6,21.7,1.8,14.9,47,12.65
Guwahati,2022-03-26,30.1,20.3,0.1,13.0,26,14.37
Guwahati,2022-03-27,32.3,19.0,0.0,11.0,41,14.39
Guwahati,2022-03-28,27.5,20.9,1.7,9.3,73,7.27
Guwahati,2022-03-29,27.8,20.1,0.3,7.0,70,6.79
Guwahati,2022-03-30,31.5,20.8,0.7,9.8,69,11.54
Guwahati,2022-03-31,28.7,20.5,1.4,12.0,61,10.05
Guwahati,2022-04-01,27.0,20.5,38.8,13.2,82,5.55
Guwahati,2022-04-02,24.2,20.6,36.9,9.4,85,5.12
Guwahati,2022-04-03,27.2,19.9,1.7,8.6,69,10.85
Guwahati,2022-04-04,25.6,20.9,2.2,11.5,79,8.95
Guwahati,2022-04-05,25.8,20.0,0.4,11.4,66,12.05
Guwahati,2022-04-06,27.0,20.3,2.1,11.1,73,10.49
Guwahati,2022-04-07,28.6,20.9,0.4,13.3,76,12.53
Guwahati,2022-04-08,28.4,20.0,1.2,15.8,49,14.9
Guwahati,2022-04-09,25.3,19.4,13.0,13.7,69,10.15
Guwahati,2022-04-10,26.5,19.7,27.4,13.0,91,11.33
Guwahati,2022-04-11,28.5,19.6,12.0,11.4,56,14.42
Guwahati,2022-04-12,30.6,19.9,1.9,16.2,55,17.28
Guwahati,2022-04-13,25.8,21.5,21.2,9.0,96,9.57
Guwahati,2022-04-14,28.9,20.5,11.9,12.9,94,13.35
Guwahati,2022-04-15,29.7,20.7,0.3,13.4,52,19.63
Guwahati,2022-04-16,29.4,20.8,1.3,10.1,44,20.02
Guwahati,2022-04-17,30.1,19.2,2.6,13.0,24,20.57
Guwahati,2022-04-18,28.8,20.4,0.2,14.6,42,17.68
Guwahati,2022-04-19,30.0,20.6,21.8,12.2,65,17.37
Guwahati,2022-04-20,27.4,20.8,6.7,10.6,73,10.13
Guwahati,2022-04-21,30.7,20.0,0.3,13.4,21,20.53
Guwahati,2022-04-22,28.6,22.0,7.4,10.2,72,15.82
Guwahati,2022-04-23,29.0,21.6,4.6,11.7,79,15.7
Guwahati,2022-04-24,30.9,22.1,0.0,10.2,49,21.59
Guwahati,2022-04-25,31.2,21.1,0.1,13.4,27,20.88
Guwahati,2022-04-26,31.0,22.2,0.9,15.3,54,19.41
Guwahati,2022-04-27,31.0,22.1,4.6,13.8,60,19.55
Guwahati,2022-04-28,32.1,21.3,1.3,15.2,39,20.06
Guwahati,2022-04-29,31.2,22.6,14.4,14.8,72,16.17
Guwahati,2022-04-30,26.2,20.8,6.8,17.4,79,11.87
Guwahati,2022-05-01,28.7,20.2,1.5,9.5,62,17.36
Guwahati,2022-05-02,27.4,20.9,8.1,11.2,52,11.88
Guwahati,2022-05-03,30.5,20.6,8.5,14.1,78,18.59
Guwahati,2022-05-04,29.1,21.1,1.3,15.9,48,19.37
Guwahati,2022-05-05,31.4,20.0,0.1,12.9,8,22.35
Guwahati,2022-05-06,32.3,21.5,5.5,11.3,58,21.64
Guwahati,2022-05-07,31.7,22.3,6.4,10.0,30,20.84
Guwahati,2022-05-08,32.9,22.7,0.6,11.5,13,21.52
Guwahati,2022-05-09,33.4,23.1,1.7,11.5,48,21.33
Guwahati,2022-05-10,29.8,24.1,4.9,7.5,82,9.95
Guwahati,2022-05-11,30.2,23.3,1.4,14.8,72,16.56
Guwahati,2022-05-12,29.9,23.5,7.6,13.5,83,16.55
Guwahati,2022-05-13,25.6,23.2,40.9,13.0,91,5.37
Guwahati,2022-05-14,27.8,22.9,36.6,13.0,89,11.2
Guwahati,2022-05-15,26.0,22.8,42.4,11.9,96,4.14
Guwahati,2022-05-16,28.0,23.0,21.7,14.3,99,12.22
Guwahati,2022-05-17,27.2,22.3,66.8,11.5,99,12.7
Guwahati,2022-05-18,30.5,22.3,4.3,9.7,82,18.45
Guwahati,2022-05-19,29.8,22.3,6.8,9.2,69,16.39
Guwahati,2022-05-20,28.2,22.5,12.2,11.9,69,13.01
Guwahati,2022-05-21,25.4,22.4,49.5,12.6,90,8.23
Guwahati,2022-05-22,30.3,21.9,8.9,11.7,73,18.82
Guwahati,2022-05-23,31.0,22.4,9.2,10.2,52,19.07
Guwahati,2022-05-24,33.2,22.3,6.2,16.1,22,23.93
Guwahati,2022-05-25,28.8,24.4,4.9,8.0,78,8.14
Guwahati,2022-05-26,31.0,23.6,2.1,16.5,33,21.24
Guwahati,2022-05-27,30.2,23.1,1.6,14.1,29,21.86
Guwahati,2022-05-28,32.0,22.6,1.3,7.3,13,24.96
Guwahati,2022-05-29,32.3,23.4,0.8,6.4,29,23.39
Guwahati,2022-05-30,32.2,24.1,12.5,7.7,47,21.26
Guwahati,2022-05-31,31.6,24.1,17.0,8.7,45,22.02
Guwahati,2022-06-01,31.0,24.2,16.6,6.8,51,19.82
Guwahati,2022-06-02,30.4,24.5,16.0,6.1,92,16.47
Guwahati,2022-06-03,30.0,24.5,14.2,9.4,98,15.9
Guwahati,2022-06-04,30.3,24.3,4.3,10.0,90,16.3
Guwahati,2022-06-05,30.4,24.3,0.8,8.9,80,16.0
Guwahati,2022-06-06,30.4,24.4,1.1,10.2,86,16.76
Guwahati,2022-06-07,30.3,24.4,6.3,10.8,100,13.98
Guwahati,2022-06-08,29.1,24.6,23.4,6.9,100,11.02
Guwahati,2022-06-09,30.3,24.6,8.5,11.1,100,13.67
Guwahati,2022-06-10,27.9,24.3,21.0,4.8,100,10.4
Guwahati,2022-06-11,29.4,24.2,5.3,9.4,88,18.0
Guwahati,2022-06-12,30.5,24.2,4.2,8.3,100,14.05
Guwahati,2022-06-13,26.1,24.2,19.6,10.1,100,6.78
Guwahati,2022-06-14,28.0,23.6,10.5,11.5,99,12.39
Guwahati,2022-06-15,27.6,23.2,28.1,9.6,100,6.82
Guwahati,2022-06-16,26.1,23.6,31.3,16.2,100,6.47
Guwahati,2022-06-17,27.2,23.3,55.2,8.7,100,7.5
Guwahati,2022-06-18,29.0,22.9,14.2,7.4,94,16.74
Guwahati,2022-06-19,30.2,23.6,13.2,6.4,91,17.28
Guwahati,2022-06-20,28.9,24.0,6.7,8.1,88,14.95
Guwahati,2022-06-21,30.4,24.1,3.7,7.6,82,16.53
Guwahati,2022-06-22,32.0,24.7,22.6,12.4,95,21.27
Guwahati,2022-06-23,31.1,25.6,12.1,11.1,98,19.43
Guwahati,2022-06-24,31.1,25.5,12.7,6.3,90,18.15
Guwahati,2022-06-25,31.3,25.2,16.5,7.4,98,19.0
Guwahati,2022-06-26,31.5,26.0,2.9,12.8,97,17.6
Guwahati,2022-06-27,29.3,25.4,6.6,12.4,99,11.84
Guwahati,2022-06-28,28.4,24.8,17.8,8.0,100,7.36
Guwahati,2022-06-29,28.0,24.7,18.0,5.2,99,10.68
Guwahati,2022-06-30,30.1,24.3,8.0,7.5,83,16.52
Guwahati,2022-07-01,30.2,24.4,17.9,10.0,85,13.82
Guwahati,2022-07-02,32.7,24.9,21.9,7.4,71,22.04
Guwahati,2022-07-03,32.1,25.2,8.2,9.4,98,19.76
Guwahati,2022-07-04,32.5,25.2,8.2,6.9,92,20.36
Guwahati,2022-07-05,34.2,25.9,4.0,10.8,57,23.03
Guwahati,2022-07-06,32.4,25.7,24.4,7.2,76,14.91
Guwahati,2022-07-07,33.7,26.6,0.0,13.0,21,26.03
Guwahati,2022-07-08,32.5,26.4,8.5,7.0,82,15.83
Guwahati,2022-07-09,32.9,25.5,5.8,13.3,53,23.16
Guwahati,2022-07-10,32.6,25.9,10.4,6.5,74,21.2
Guwahati,2022-07-11,32.7,25.6,22.5,7.6,85,20.83
Guwahati,2022-07-12,33.2,25.4,20.9,8.9,77,21.91
Guwahati,2022-07-13,34.8,25.7,2.0,16.6,69,25.16
Guwahati,2022-07-14,35.9,27.2,1.4,13.2,24,24.54
Guwahati,2022-07-15,36.8,27.1,0.0,7.9,23,24.56
Guwahati,2022-07-16,34.6,26.1,13.9,11.6,49,22.95
Guwahati,2022-07-17,32.6,26.2,31.7,6.9,88,17.19
Guwahati,2022-07-18,33.2,27.2,0.4,19.1,61,23.27
Guwahati,2022-07-19,33.6,26.5,1.3,15.4,83,21.4
Guwahati,2022-07-20,31.7,26.2,37.0,7.4,100,15.72
Guwahati,2022-07-21,31.6,25.7,40.0,7.4,100,14.77
Guwahati,2022-07-22,31.9,25.6,10.1,13.7,100,18.21
Guwahati,2022-07-23,33.3,25.8,16.1,14.8,98,19.35
Guwahati,2022-07-24,30.4,25.0,7.6,10.8,99,13.95
Guwahati,2022-07-25,30.6,25.2,8.6,8.7,92,17.66
Guwahati,2022-07-26,30.1,24.5,12.7,10.4,84,17.67
Guwahati,2022-07-27,31.8,24.8,2.2,11.1,72,22.28
Guwahati,2022-07-28,31.5,24.8,3.4,11.3,94,17.64
Guwahati,2022-07-29,31.7,24.9,17.8,10.1,67,20.08
Guwahati,2022-07-30,31.4,25.3,26.1,12.2,91,18.63
Guwahati,2022-07-31,29.0,24.7,17.4,9.7,100,13.18
Guwahati,2022-08-01,29.2,24.9,9.7,10.0,100,10.64
Guwahati,2022-08-02,31.8,24.8,8.5,9.3,100,19.82
Guwahati,2022-08-03,32.1,25.3,13.9,10.7,96,17.7
Guwahati,2022-08-04,31.1,25.5,10.3,7.4,100,16.73
Guwahati,2022-08-05,33.0,26.3,10.1,9.8,99,21.13
Guwahati,2022-08-06,32.1,25.8,2.7,7.6,78,18.83
Guwahati,2022-08-07,34.8,26.0,15.9,11.6,69,23.65
Guwahati,2022-08-08,33.6,25.9,25.8,15.2,64,21.18
Guwahati,2022-08-09,33.3,26.6,3.0,10.9,72,21.18
Guwahati,2022-08-10,31.6,25.9,1.6,9.4,67,17.05
Guwahati,2022-08-11,35.0,24.5,0.1,11.4,34,23.95
Guwahati,2022-08-12,34.4,26.2,0.3,11.8,83,22.39
Guwahati,2022-08-13,33.3,27.0,0.1,14.2,91,17.02
Guwahati,2022-08-14,33.0,26.5,44.1,11.0,68,20.03
Guwahati,2022-08-15,33.0,26.5,2.8,10.2,62,21.91
Guwahati,2022-08-16,32.5,25.6,1.0,13.0,85,22.05
Guwahati,2022-08-17,32.5,25.7,0.8,9.9,57,21.51
Guwahati,2022-08-18,35.0,25.7,0.7,10.5,63,23.58
Guwahati,2022-08-19,33.5,27.0,5.0,16.9,68,21.65
Guwahati,2022-08-20,32.2,26.3,2.8,10.2,81,19.98
Guwahati,2022-08-21,32.2,25.3,10.2,7.4,77,18.81
Guwahati,2022-08-22,33.6,26.3,0.5,9.0,72,22.2
Guwahati,2022-08-23,32.3,25.8,13.3,15.6,93,19.11
Guwahati,2022-08-24,33.0,25.4,0.4,12.0,83,19.63
Guwahati,2022-08-25,32.8,25.6,0.6,13.5,79,21.11
Guwahati,2022-08-26,33.3,26.3,0.0,12.2,96,22.71
Guwahati,2022-08-27,31.9,26.9,1.8,10.2,100,16.66
Guwahati,2022-08-28,29.3,25.9,23.6,6.7,100,11.52
Guwahati,2022-08-29,30.7,25.4,13.1,13.6,86,19.2
Guwahati,2022-08-30,30.4,25.0,1.6,12.3,96,16.83
Guwahati,2022-08-31,30.5,24.8,16.1,9.7,99,15.36
Guwahati,2022-09-01,30.0,25.0,13.2,10.7,100,12.98
Guwahati,2022-09-02,30.4,25.1,2.1,14.6,97,16.2
Guwahati,2022-09-03,30.6,25.1,19.2,16.4,92,16.53
Guwahati,2022-09-04,30.4,24.8,8.1,11.9,100,14.3
Guwahati,2022-09-05,29.9,25.0,11.2,9.4,100,11.51
Guwahati,2022-09-06,30.3,24.7,30.6,9.4,97,15.54
Guwahati,2022-09-07,30.6,24.6,16.6,10.8,100,14.65
Guwahati,2022-09-08,31.5,25.0,13.2,12.8,97,16.71
Guwahati,2022-09-09,33.1,25.6,0.0,16.9,70,21.32
Guwahati,2022-09-10,33.0,24.6,0.0,14.2,27,21.92
Guwahati,2022-09-11,32.0,25.5,26.7,10.4,80,18.13
Guwahati,2022-09-12,29.7,24.3,39.1,7.1,95,13.12
Guwahati,2022-09-13,29.0,24.6,10.9,7.1,92,12.87
Guwahati,2022-09-14,30.2,24.4,1.1,9.0,93,15.59
Guwahati,2022-09-15,29.8,24.4,3.9,11.0,97,14.76
Guwahati,2022-09-16,30.6,24.6,14.6,11.5,91,17.34
Guwahati,2022-09-17,31.2,25.3,7.7,9.0,96,17.2
Guwahati,2022-09-18,32.5,25.2,0.7,6.9,82,18.8
Guwahati,2022-09-19,32.3,25.7,10.5,11.5,79,16.23
Guwahati,2022-09-20,31.1,25.0,17.8,9.4,99,15.48
Guwahati,2022-09-21,31.4,25.6,3.3,8.7,98,18.63
Guwahati,2022-09-22,30.4,24.8,4.9,11.6,84,17.05
Guwahati,2022-09-23,30.2,24.3,6.4,12.7,99,15.94
Guwahati,2022-09-24,28.1,24.4,6.7,10.9,100,9.28
Guwahati,2022-09-25,29.4,24.1,8.0,8.9,97,12.02
Guwahati,2022-09-26,31.4,24.1,5.2,6.9,77,18.89
Guwahati,2022-09-27,31.1,24.1,9.8,7.5,60,18.09
Guwahati,2022-09-28,31.7,24.3,7.6,7.9,65,18.25
Guwahati,2022-09-29,31.7,24.1,2.1,7.4,59,17.37
Guwahati,2022-09-30,33.0,24.3,0.1,10.3,30,19.63
Guwahati,2022-10-01,34.4,25.1,0.4,9.7,43,20.11
Guwahati,2022-10-02,33.4,25.4,0.2,8.0,99,17.18
Guwahati,2022-10-03,27.7,24.9,12.6,9.5,99,5.75
Guwahati,2022-10-04,31.1,24.0,9.0,8.0,90,15.08
Guwahati,2022-10-05,30.3,24.8,10.5,8.8,98,12.52
Guwahati,2022-10-06,30.3,23.6,0.9,14.8,57,18.21
Guwahati,2022-10-07,31.0,24.4,5.7,11.5,49,18.21
Guwahati,2022-10-08,30.9,24.2,2.3,9.8,49,18.01
Guwahati,2022-10-09,28.9,24.0,2.5,11.3,100,13.14
Guwahati,2022-10-10,30.3,23.6,5.0,15.1,94,15.33
Guwahati,2022-10-11,29.0,22.9,8.2,12.7,90,13.5
Guwahati,2022-10-12,28.4,22.8,5.1,11.9,96,13.51
Guwahati,2022-10-13,28.0,22.8,15.4,9.9,89,10.83
Guwahati,2022-10-14,29.7,22.5,0.8,12.6,32,16.84
Guwahati,2022-10-15,30.8,22.0,0.0,6.8,5,19.25
Guwahati,2022-10-16,30.6,21.5,0.0,9.4,4,19.09
Guwahati,2022-10-17,31.6,22.6,0.8,8.3,16,17.55
Guwahati,2022-10-18,30.0,22.6,1.9,14.5,15,17.68
Guwahati,2022-10-19,30.1,21.5,0.9,11.3,15,18.0
Guwahati,2022-10-20,30.3,20.5,0.0,9.2,6,18.3
Guwahati,2022-10-21,30.4,20.2,0.0,10.9,2,18.45
Guwahati,2022-10-22,31.1,19.9,0.0,9.6,2,18.59
Guwahati,2022-10-23,26.8,20.5,2.5,9.3,90,6.99
Guwahati,2022-10-24,23.7,20.2,30.0,21.6,100,2.54
Guwahati,2022-10-25,23.2,19.9,22.8,26.8,100,3.62
Guwahati,2022-10-26,26.4,20.1,5.5,9.1,60,11.25
Guwahati,2022-10-27,27.1,18.5,1.5,8.3,18,16.21
Guwahati,2022-10-28,28.1,18.5,0.0,9.0,1,17.28
Guwahati,2022-10-29,28.7,18.0,0.0,11.6,2,17.27
Guwahati,2022-10-30,29.4,19.0,0.0,10.8,4,16.91
Guwahati,2022-10-31,29.6,18.5,0.0,9.0,0,17.27
Guwahati,2022-11-01,29.9,19.2,0.0,10.2,4,17.05
Guwahati,2022-11-02,29.0,18.6,0.3,9.9,25,16.63
Guwahati,2022-11-03,28.2,19.8,0.2,8.2,57,14.43
Guwahati,2022-11-04,28.7,19.5,0.0,7.9,3,15.44
Guwahati,2022-11-05,29.3,19.2,0.0,8.6,6,15.62
Guwahati,2022-11-06,28.6,19.3,0.2,7.6,10,14.55
Guwahati,2022-11-07,28.3,19.3,0.1,9.7,15,14.73
Guwahati,2022-11-08,28.7,18.8,0.0,6.8,7,15.37
Guwahati,2022-11-09,28.2,19.2,0.0,7.8,8,14.8
Guwahati,2022-11-10,28.0,18.5,0.0,7.4,4,15.75
Guwahati,2022-11-11,27.9,18.0,0.0,7.1,16,15.01
Guwahati,2022-11-12,27.5,18.1,0.3,11.9,16,14.55
Guwahati,2022-11-13,27.1,16.9,0.0,8.7,6,15.13
Guwahati,2022-11-14,27.3,17.5,0.0,10.0,0,15.34
Guwahati,2022-11-15,27.4,16.5,0.0,8.4,9,15.17
Guwahati,2022-11-16,27.5,17.4,0.8,17.2,13,14.67
Guwahati,2022-11-17,26.7,16.9,0.2,7.3,9,14.2
Guwahati,2022-11-18,27.0,17.0,0.0,10.1,1,14.82
Guwahati,2022-11-19,27.6,14.8,0.0,11.6,36,15.19
Guwahati,2022-11-20,27.6,13.1,0.0,9.6,36,14.89
Guwahati,2022-11-21,27.8,15.6,0.0,11.1,9,14.61
Guwahati,2022-11-22,27.1,15.4,0.0,6.9,1,14.55
Guwahati,2022-11-23,27.6,16.3,0.0,9.7,8,14.14
Guwahati,2022-11-24,27.5,15.6,0.0,10.2,3,14.39
Guwahati,2022-11-25,27.6,15.7,0.0,10.6,0,14.56
Guwahati,2022-11-26,27.3,15.9,0.0,8.1,0,14.35
Guwahati,2022-11-27,26.6,15.5,0.0,7.3,0,14.04
Guwahati,2022-11-28,27.3,15.0,0.0,11.5,2,13.94
Guwahati,2022-11-29,27.7,15.6,0.0,11.6,5,13.85
Guwahati,2022-11-30,27.8,16.3,0.0,9.3,5,13.75
Guwahati,2022-12-01,27.8,16.4,0.0,10.1,7,13.5
Guwahati,2022-12-02,27.2,15.9,0.0,8.2,4,13.5
Guwahati,2022-12-03,27.3,16.4,0.0,6.5,2,13.61
Guwahati,2022-12-04,27.0,15.7,0.0,10.5,0,13.62
Guwahati,2022-12-05,27.1,15.3,0.0,9.1,5,13.51
Guwahati,2022-12-06,26.6,15.0,0.0,6.8,6,13.06
Guwahati,2022-12-07,26.2,15.8,0.0,7.2,7,13.17
Guwahati,2022-12-08,26.3,14.5,0.0,9.0,42,13.24
Guwahati,2022-12-09,25.6,14.1,0.0,7.5,6,13.34
Guwahati,2022-12-10,25.7,14.2,0.0,6.6,7,13.2
Guwahati,2022-12-11,25.9,14.5,0.0,7.2,3,12.9
Guwahati,2022-12-12,25.9,14.6,0.0,6.8,16,12.63
Guwahati,2022-12-13,25.8,16.2,0.0,8.7,28,12.42
Guwahati,2022-12-14,25.6,16.5,0.0,8.2,22,11.13
Guwahati,2022-12-15,24.8,16.3,1.4,9.8,52,11.76
Guwahati,2022-12-16,24.9,16.3,0.6,7.4,22,11.7
Guwahati,2022-12-17,25.8,15.0,0.0,11.8,1,12.46
Guwahati,2022-12-18,26.2,14.6,0.0,8.6,3,12.42
Guwahati,2022-12-19,25.5,13.8,0.0,7.2,30,12.33
Guwahati,2022-12-20,25.0,15.5,0.4,7.2,39,11.13
Guwahati,2022-12-21,25.2,15.2,0.0,6.0,28,11.83
Guwahati,2022-12-22,24.9,14.8,1.6,9.6,48,11.81
Guwahati,2022-12-23,23.9,16.1,0.3,8.2,17,10.99
Guwahati,2022-12-24,24.6,13.9,0.2,6.7,13,12.01
Guwahati,2022-12-25,24.5,15.2,0.4,7.0,16,12.06
Guwahati,2022-12-26,23.0,15.4,0.9,7.4,49,10.78
Guwahati,2022-12-27,22.1,14.4,0.9,12.3,50,11.03
Guwahati,2022-12-28,20.4,13.2,3.3,8.7,52,8.69
Guwahati,2022-12-29,21.3,11.7,0.0,11.3,18,11.53
Guwahati,2022-12-30,22.2,11.2,0.0,5.9,12,11.67
Guwahati,2022-12-31,21.9,10.6,0.8,10.0,17,12.15
Guwahati,2023-01-01,22.3,11.5,0.0,7.7,5,11.92
Guwahati,2023-01-02,22.9,12.0,0.0,9.6,9,12.28
Guwahati,2023-01-03,23.3,11.3,0.0,7.6,2,12.24
Guwahati,2023-01-04,23.0,11.3,0.0,8.5,0,12.5
Guwahati,2023-01-05,23.3,11.6,0.0,9.5,0,12.58
Guwahati,2023-01-06,23.3,11.3,0.0,8.4,0,12.73
Guwahati,2023-01-07,24.2,11.8,0.0,7.6,0,12.71
Guwahati,2023-01-08,24.2,11.6,0.0,7.3,0,12.54
Guwahati,2023-01-09,24.4,11.8,0.0,7.4,6,12.43
Guwahati,2023-01-10,24.7,13.2,0.0,6.5,18,12.25
Guwahati,2023-01-11,25.4,13.9,0.0,9.3,2,12.34
Guwahati,2023-01-12,24.3,12.8,0.3,10.4,12,12.01
Guwahati,2023-01-13,23.3,13.5,0.0,8.4,9,12.46
Guwahati,2023-01-14,23.0,12.1,0.0,7.9,19,12.09
Guwahati,2023-01-15,22.3,13.3,0.3,8.0,20,12.65
Guwahati,2023-01-16,21.6,11.5,0.2,8.0,27,12.33
Guwahati,2023-01-17,21.3,12.7,0.1,8.4,40,12.39
Guwahati,2023-01-18,21.1,10.2,0.0,7.2,16,13.15
Guwahati,2023-01-19,22.3,10.1,0.0,6.5,2,13.08
Guwahati,2023-01-20,23.2,10.3,0.0,7.1,1,13.09
Guwahati,2023-01-21,23.4,11.3,0.0,7.4,3,13.15
Guwahati,2023-01-22,23.8,11.3,0.0,8.2,5,13.29
Guwahati,2023-01-23,23.8,11.9,0.0,8.8,64,13.26
Guwahati,2023-01-24,25.1,12.3,0.0,10.2,62,13.33
Guwahati,2023-01-25,25.6,12.2,0.0,7.2,22,13.27
Guwahati,2023-01-26,25.9,13.3,0.0,7.6,94,13.23
Guwahati,2023-01-27,26.0,14.1,0.0,9.2,44,13.33
Guwahati,2023-01-28,26.3,14.7,0.0,10.2,13,13.49
Guwahati,2023-01-29,26.4,14.2,0.0,9.4,1,13.72
Guwahati,2023-01-30,28.0,14.4,0.0,9.4,0,13.92
Guwahati,2023-01-31,27.6,16.3,0.0,8.5,27,13.83
Guwahati,2023-02-01,27.5,17.3,0.8,11.3,43,12.57
Guwahati,2023-02-02,26.5,15.4,0.0,9.4,19,13.01
Guwahati,2023-02-03,27.0,15.2,0.0,9.8,8,14.38
Guwahati,2023-02-04,26.6,16.5,0.0,11.5,16,13.68
Guwahati,2023-02-05,26.1,15.3,0.2,10.1,15,13.69
Guwahati,2023-02-06,25.3,14.7,0.6,13.1,21,13.78
Guwahati,2023-02-07,25.3,14.4,0.5,14.8,19,13.47
Guwahati,2023-02-08,24.2,14.3,2.1,13.1,34,13.64
Guwahati,2023-02-09,24.0,14.4,0.3,13.7,51,12.7
Guwahati,2023-02-10,24.0,14.4,1.2,10.9,47,13.23
Guwahati,2023-02-11,24.0,15.8,1.7,7.9,36,12.6
Guwahati,2023-02-12,25.6,14.7,0.9,8.2,34,13.98
Guwahati,2023-02-13,25.0,13.5,0.0,11.4,2,16.05
Guwahati,2023-02-14,26.0,11.7,0.0,11.3,0,15.62
Guwahati,2023-02-15,26.9,13.7,0.0,8.9,11,15.24
Guwahati,2023-02-16,28.2,15.3,0.0,13.6,4,15.04
Guwahati,2023-02-17,29.2,15.8,0.0,11.7,19,14.49
Guwahati,2023-02-18,29.3,16.3,0.0,10.9,14,14.72
Guwahati,2023-02-19,29.3,16.9,0.0,11.4,16,14.72
Guwahati,2023-02-20,25.8,19.4,0.0,11.5,78,6.8
Guwahati,2023-02-21,26.3,18.6,1.8,7.6,53,10.65
Guwahati,2023-02-22,26.7,17.0,5.7,20.2,49,12.52
Guwahati,2023-02-23,25.2,16.8,2.2,13.2,36,12.68
Guwahati,2023-02-24,26.1,15.9,0.0,12.4,40,13.7
Guwahati,2023-02-25,28.1,16.3,0.0,13.9,48,14.14
Guwahati,2023-02-26,28.5,15.5,0.0,9.4,6,13.85
Guwahati,2023-02-27,26.9,16.0,0.0,9.3,7,13.46
Guwahati,2023-02-28,26.7,14.8,0.0,10.0,10,14.17
Guwahati,2023-03-01,28.4,15.7,0.0,10.3,10,13.64
Guwahati,2023-03-02,28.7,16.1,0.0,6.5,13,13.04
Guwahati,2023-03-03,28.8,16.5,0.2,16.9,22,12.93
Guwahati,2023-03-04,31.4,17.9,0.0,8.7,12,13.3
Guwahati,2023-03-05,31.1,18.8,0.3,12.8,18,12.68
Guwahati,2023-03-06,29.5,18.7,4.5,9.4,17,13.0
Guwahati,2023-03-07,29.6,16.2,0.0,8.4,13,14.06
Guwahati,2023-03-08,30.8,16.6,0.0,8.8,67,13.1
Guwahati,2023-03-09,31.2,19.3,0.0,13.7,9,13.72
Guwahati,2023-03-10,30.4,19.2,0.0,9.8,66,11.87
Guwahati,2023-03-11,31.5,18.5,0.0,9.7,41,12.27
Guwahati,2023-03-12,32.3,18.7,0.0,12.6,9,12.94
Guwahati,2023-03-13,32.8,18.0,0.0,9.0,11,13.01
Guwahati,2023-03-14,32.3,20.2,0.0,16.6,41,12.67
Guwahati,2023-03-15,24.0,18.3,11.1,14.0,77,8.52
Guwahati,2023-03-16,25.4,16.8,0.0,13.4,70,11.0
Guwahati,2023-03-17,27.8,16.5,0.0,6.7,77,11.17
Guwahati,2023-03-18,27.4,18.9,7.8,12.3,91,11.57
Guwahati,2023-03-19,21.0,17.7,8.2,11.2,99,4.39
Guwahati,2023-03-20,24.6,17.7,17.3,10.0,98,9.17
Guwahati,2023-03-21,23.2,18.0,19.8,7.9,83,9.53
Guwahati,2023-03-22,25.5,16.9,1.0,12.7,59,12.83
Guwahati,2023-03-23,25.7,15.7,3.6,10.7,36,13.91
Guwahati,2023-03-24,24.8,16.9,0.6,13.1,48,11.99
Guwahati,2023-03-25,26.6,16.2,0.1,9.7,22,14.4
Guwahati,2023-03-26,26.6,18.4,5.5,9.0,43,13.21
Guwahati,2023-03-27,29.6,18.3,0.0,13.8,20,15.05
Guwahati,2023-03-28,29.2,18.5,0.2,17.9,12,14.95
Guwahati,2023-03-29,28.0,16.3,0.0,11.0,13,15.91
Guwahati,2023-03-30,27.1,16.7,0.0,13.2,19,14.99
Guwahati,2023-03-31,29.4,17.7,6.9,18.5,44,15.82
Guwahati,2023-04-01,25.7,18.0,24.3,14.8,88,7.67
Guwahati,2023-04-02,25.6,17.4,2.6,15.2,40,15.14
Guwahati,2023-04-03,26.5,18.0,8.6,13.7,55,15.03
Guwahati,2023-04-04,26.0,17.5,1.2,16.2,61,14.83
Guwahati,2023-04-05,28.4,16.8,0.0,11.2,13,17.81
Guwahati,2023-04-06,29.2,17.2,2.5,9.4,43,17.72
Guwahati,2023-04-07,30.3,17.9,0.0,11.1,25,18.35
Guwahati,2023-04-08,32.2,18.2,0.0,11.4,43,18.36
Guwahati,2023-04-09,33.3,20.2,0.0,14.7,21,18.73
Guwahati,2023-04-10,33.3,19.8,0.0,17.1,12,19.48
Guwahati,2023-04-11,32.8,18.7,0.0,10.1,1,19.97
Guwahati,2023-04-12,34.8,18.7,0.0,16.3,1,20.56
Guwahati,2023-04-13,34.9,20.1,0.0,11.4,1,20.46
Guwahati,2023-04-14,36.7,21.3,0.0,14.8,39,20.21
Guwahati,2023-04-15,37.0,22.8,0.0,10.3,99,19.8
Guwahati,2023-04-16,36.5,24.1,0.0,14.8,64,19.08
Guwahati,2023-04-17,36.7,24.0,0.6,13.7,9,20.66
Guwahati,2023-04-18,36.2,22.4,0.6,15.9,14,20.37
Guwahati,2023-04-19,36.7,22.9,0.8,20.1,27,20.79
Guwahati,2023-04-20,32.7,22.0,1.7,17.3,49,20.05
Guwahati,2023-04-21,31.4,21.5,0.7,16.9,78,16.38
Guwahati,2023-04-22,31.7,21.1,3.1,12.0,62,17.65
Guwahati,2023-04-23,26.6,20.9,13.1,14.0,89,10.16
Guwahati,2023-04-24,31.6,19.9,0.0,10.2,50,20.18
Guwahati,2023-04-25,33.0,20.0,1.0,15.6,44,20.45
Guwahati,2023-04-26,33.4,20.1,4.9,16.0,39,20.75
Guwahati,2023-04-27,34.5,21.0,4.5,16.3,46,20.96
Guwahati,2023-04-28,32.5,21.1,9.2,15.8,63,21.21
Guwahati,2023-04-29,30.9,20.3,3.4,11.6,83,16.02
Guwahati,2023-04-30,31.7,20.9,6.9,14.4,97,19.38
Guwahati,2023-05-01,30.8,21.3,2.8,14.2,94,17.41
Guwahati,2023-05-02,31.6,22.8,3.3,15.6,64,20.86
Guwahati,2023-05-03,32.1,20.6,1.2,15.5,62,19.28
Guwahati,2023-05-04,29.2,21.3,29.8,12.4,68,17.97
Guwahati,2023-05-05,30.8,21.8,0.3,16.9,24,21.92
Guwahati,2023-05-06,33.3,21.8,1.1,20.2,16,23.07
Guwahati,2023-05-07,32.6,21.5,1.9,12.0,30,22.62
Guwahati,2023-05-08,32.9,21.7,0.3,14.8,23,23.52
Guwahati,2023-05-09,35.1,21.6,0.0,11.5,2,24.56
Guwahati,2023-05-10,37.7,21.6,0.0,23.7,10,23.23
Guwahati,2023-05-11,35.5,21.6,5.1,13.1,17,23.62
Guwahati,2023-05-12,34.0,22.5,0.0,13.3,69,22.5
Guwahati,2023-05-13,37.4,22.0,0.0,16.9,89,25.42
Guwahati,2023-05-14,34.1,22.9,0.0,22.3,100,12.54
Guwahati,2023-05-15,33.6,21.8,3.9,13.7,44,23.25
Guwahati,2023-05-16,31.4,21.8,2.4,12.1,70,19.66
Guwahati,2023-05-17,29.5,21.7,18.2,15.4,80,16.61
Guwahati,2023-05-18,28.8,21.7,18.8,11.4,90,15.64
Guwahati,2023-05-19,27.5,21.9,9.6,13.4,77,14.56
Guwahati,2023-05-20,28.1,20.9,4.0,12.3,72,17.59
Guwahati,2023-05-21,31.0,21.4,12.2,11.5,74,18.12
Guwahati,2023-05-22,29.9,22.4,4.9,11.6,68,17.95
Guwahati,2023-05-23,31.7,22.5,12.7,17.8,79,20.43
Guwahati,2023-05-24,29.0,22.6,30.8,13.1,86,12.74
Guwahati,2023-05-25,31.6,21.9,1.6,14.4,30,23.45
Guwahati,2023-05-26,30.8,22.9,8.3,9.5,55,20.3
Guwahati,2023-05-27,30.1,21.9,6.8,9.0,58,19.7
Guwahati,2023-05-28,30.7,22.3,0.6,10.0,45,20.83
Guwahati,2023-05-29,33.9,22.6,0.0,7.6,5,24.94
Guwahati,2023-05-30,35.0,24.4,0.0,11.2,70,25.14
Guwahati,2023-05-31,35.5,25.5,6.8,22.3,33,25.62
Guwahati,2023-06-01,35.3,25.6,0.8,12.3,66,23.04
Guwahati,2023-06-02,36.8,24.5,0.0,21.8,20,25.01
Guwahati,2023-06-03,34.3,24.3,0.0,12.4,18,23.33
Guwahati,2023-06-04,35.1,24.8,1.4,14.6,12,24.15
Guwahati,2023-06-05,36.1,24.9,0.2,12.4,10,23.5
Guwahati,2023-06-06,37.1,26.6,0.7,13.7,15,23.77
Guwahati,2023-06-07,37.2,26.7,29.6,13.4,53,22.33
Guwahati,2023-06-08,35.5,26.6,34.7,15.8,85,14.23
Guwahati,2023-06-09,31.9,25.9,38.0,10.1,100,11.96
Guwahati,2023-06-10,31.5,25.4,63.3,8.3,100,14.03
Guwahati,2023-06-11,29.2,25.0,64.9,11.4,80,8.83
Guwahati,2023-06-12,32.0,24.3,10.3,13.4,79,20.3
Guwahati,2023-06-13,31.8,24.4,9.2,10.8,70,20.49
Guwahati,2023-06-14,28.4,23.9,24.0,9.8,99,8.46
Guwahati,2023-06-15,31.9,23.9,12.3,15.5,95,16.2
Guwahati,2023-06-16,27.0,23.0,22.8,15.1,81,10.06
Guwahati,2023-06-17,28.0,23.0,52.3,13.7,91,10.72
Guwahati,2023-06-18,26.1,23.3,46.8,16.6,98,5.29
Guwahati,2023-06-19,28.4,23.6,49.6,16.3,100,7.81
Guwahati,2023-06-20,29.2,24.2,26.7,10.7,100,11.75
Guwahati,2023-06-21,29.4,24.1,15.7,7.6,100,12.22
Guwahati,2023-06-22,29.6,24.0,14.2,8.9,88,11.18
Guwahati,2023-06-23,32.1,24.6,11.5,10.1,63,21.43
Guwahati,2023-06-24,32.8,24.9,15.5,12.4,81,19.34
Guwahati,2023-06-25,32.6,24.9,19.5,12.6,71,20.6
Guwahati,2023-06-26,33.2,25.1,34.0,13.0,82,19.74
Guwahati,2023-06-27,30.4,25.0,23.0,12.0,100,13.35
Guwahati,2023-06-28,30.2,25.2,2.9,8.3,95,17.51
Guwahati,2023-06-29,29.2,25.3,12.3,10.5,94,10.74
Guwahati,2023-06-30,31.1,24.9,4.2,9.4,91,18.26
Guwahati,2023-07-01,31.5,25.2,19.8,8.6,97,14.9
Guwahati,2023-07-02,30.3,25.4,25.1,8.7,85,13.48
Guwahati,2023-07-03,29.8,25.4,21.4,8.3,94,8.06
Guwahati,2023-07-04,32.0,25.1,9.5,12.6,80,17.88
Guwahati,2023-07-05,33.2,24.7,30.4,7.4,97,20.45
Guwahati,2023-07-06,29.5,25.7,45.6,7.2,100,9.03
Guwahati,2023-07-07,29.9,25.6,17.1,7.6,100,13.38
Guwahati,2023-07-08,32.1,25.8,10.7,9.2,93,19.77
Guwahati,2023-07-09,32.5,26.1,5.4,10.6,93,20.86
Guwahati,2023-07-10,31.7,26.3,13.8,8.6,100,18.03
Guwahati,2023-07-11,31.8,26.0,4.3,14.3,99,17.5
Guwahati,2023-07-12,30.3,25.8,11.8,12.3,100,11.06
Guwahati,2023-07-13,30.1,25.7,16.4,11.5,98,11.86
Guwahati,2023-07-14,31.1,25.7,21.4,13.3,91,14.3
Guwahati,2023-07-15,32.4,25.4,16.3,7.7,82,21.86
Guwahati,2023-07-16,32.2,25.7,30.3,8.7,99,16.08
Guwahati,2023-07-17,31.1,25.1,16.1,13.9,72,16.41
Guwahati,2023-07-18,34.4,25.5,0.0,7.4,71,22.35
Guwahati,2023-07-19,35.7,26.1,8.5,16.8,48,23.38
Guwahati,2023-07-20,34.0,26.7,5.4,11.3,75,21.41
Guwahati,2023-07-21,32.7,25.6,16.3,8.2,91,18.74
Guwahati,2023-07-22,32.7,26.3,22.2,9.1,100,15.89
Guwahati,2023-07-23,32.3,26.1,16.7,11.1,98,17.48
Guwahati,2023-07-24,32.6,25.6,28.2,10.0,100,18.77
Guwahati,2023-07-25,34.0,25.7,35.5,12.2,99,22.41
Guwahati,2023-07-26,31.6,25.9,5.7,11.5,98,19.85
Guwahati,2023-07-27,32.2,25.2,19.7,10.5,99,18.9
Guwahati,2023-07-28,30.1,25.5,31.2,10.4,99,13.44
Guwahati,2023-07-29,31.5,25.8,21.1,7.3,98,15.34
Guwahati,2023-07-30,33.2,25.5,10.2,5.8,70,21.24
Guwahati,2023-07-31,35.2,26.1,1.1,11.2,72,22.83
Guwahati,2023-08-01,36.1,27.4,2.1,18.4,97,24.35
Guwahati,2023-08-02,33.4,27.4,12.3,11.6,99,16.15
Guwahati,2023-08-03,31.6,26.1,42.8,9.5,100,14.08
Guwahati,2023-08-04,30.4,25.6,51.5,7.9,100,10.57
Guwahati,2023-08-05,31.8,25.8,6.4,13.2,100,18.82
Guwahati,2023-08-06,30.8,25.7,41.8,7.2,98,15.04
Guwahati,2023-08-07,31.4,25.4,45.6,7.9,100,10.99
Guwahati,2023-08-08,33.2,25.6,59.0,19.8,99,19.88
Guwahati,2023-08-09,31.6,26.2,5.5,6.9,98,16.26
Guwahati,2023-08-10,32.4,25.5,8.0,10.0,88,17.99
Guwahati,2023-08-11,32.1,26.3,16.4,10.7,99,17.99
Guwahati,2023-08-12,31.4,25.9,43.6,10.6,99,16.11
Guwahati,2023-08-13,30.2,25.9,41.2,9.7,100,12.01
Guwahati,2023-08-14,32.2,25.9,1.6,11.9,99,20.63
Guwahati,2023-08-15,33.0,26.3,3.1,15.1,91,21.06
Guwahati,2023-08-16,33.0,26.4,10.7,10.4,88,19.18
Guwahati,2023-08-17,34.2,26.2,3.7,14.9,83,21.96
Guwahati,2023-08-18,32.7,26.0,11.8,9.0,100,17.68
Guwahati,2023-08-19,31.1,26.5,14.8,10.4,100,14.38
Guwahati,2023-08-20,32.7,26.3,4.5,13.6,98,17.71
Guwahati,2023-08-21,31.9,25.8,4.6,15.5,100,16.99
Guwahati,2023-08-22,28.5,25.9,13.8,6.5,100,6.92
Guwahati,2023-08-23,30.2,25.5,15.8,6.9,93,13.83
Guwahati,2023-08-24,30.7,25.2,27.8,11.3,98,14.21
Guwahati,2023-08-25,30.8,25.2,59.8,8.7,99,13.72
Guwahati,2023-08-26,29.5,25.7,45.4,9.2,100,10.92
Guwahati,2023-08-27,29.8,24.8,21.5,8.8,98,12.89
Guwahati,2023-08-28,31.3,24.9,3.0,9.2,77,14.98
Guwahati,2023-08-29,32.5,25.1,0.6,8.7,67,21.1
Guwahati,2023-08-30,34.0,24.2,0.0,7.0,17,23.65
Guwahati,2023-08-31,34.5,25.5,0.2,9.7,20,22.96
Guwahati,2023-09-01,33.6,26.1,1.6,14.7,20,21.69
Guwahati,2023-09-02,32.1,26.3,1.8,11.0,59,13.75
Guwahati,2023-09-03,34.2,25.0,2.7,12.0,60,22.14
Guwahati,2023-09-04,36.1,25.7,0.0,8.8,29,22.99
Guwahati,2023-09-05,36.4,26.1,0.0,10.5,25,22.89
Guwahati,2023-09-06,36.5,26.7,0.0,13.0,42,22.15
Guwahati,2023-09-07,33.5,26.4,11.4,7.3,87,16.88
Guwahati,2023-09-08,30.6,26.6,10.1,12.1,100,10.61
Guwahati,2023-09-09,32.2,26.1,13.7,10.5,98,17.31
Guwahati,2023-09-10,33.9,26.8,1.3,10.2,97,20.44
Guwahati,2023-09-11,32.9,26.2,5.9,9.8,91,18.74
Guwahati,2023-09-12,31.7,25.3,7.9,6.4,96,16.59
Guwahati,2023-09-13,32.6,25.8,7.2,8.8,75,12.81
Guwahati,2023-09-14,33.1,26.3,0.7,5.9,40,18.9
Guwahati,2023-09-15,33.3,26.2,9.8,9.2,47,19.37
Guwahati,2023-09-16,33.2,25.9,2.0,8.9,42,19.62
Guwahati,2023-09-17,33.5,25.6,2.2,10.0,40,19.51
Guwahati,2023-09-18,34.5,25.8,4.0,12.2,80,18.36
Guwahati,2023-09-19,30.8,26.6,9.2,5.4,95,9.66
Guwahati,2023-09-20,30.2,25.6,35.4,10.8,95,12.02
Guwahati,2023-09-21,28.7,25.1,25.5,7.0,96,9.29
Guwahati,2023-09-22,30.6,25.0,4.5,8.9,83,15.07
Guwahati,2023-09-23,29.4,25.1,13.0,10.9,98,12.58
Guwahati,2023-09-24,30.7,24.6,2.7,10.5,95,17.66
Guwahati,2023-09-25,31.7,25.0,10.2,6.5,95,16.71
Guwahati,2023-09-26,31.1,24.3,11.7,6.9,69,16.64
Guwahati,2023-09-27,32.4,24.3,2.9,8.4,69,18.3
Guwahati,2023-09-28,34.2,24.9,0.0,9.9,48,20.58
Guwahati,2023-09-29,35.1,25.8,0.0,13.3,54,20.41
Guwahati,2023-09-30,32.1,25.6,8.6,8.1,93,11.74
Guwahati,2023-10-01,31.3,25.6,9.3,10.5,99,13.01
Guwahati,2023-10-02,32.1,25.3,32.3,8.9,77,15.04
Guwahati,2023-10-03,31.8,24.9,29.9,10.5,65,13.72
Guwahati,2023-10-04,28.3,24.8,38.4,6.3,99,6.89
Guwahati,2023-10-05,26.8,24.2,66.8,15.9,100,2.99
Guwahati,2023-10-06,27.9,22.7,53.6,22.3,95,8.73
Guwahati,2023-10-07,28.8,24.1,18.1,14.4,82,12.08
Guwahati,2023-10-08,29.8,23.9,9.5,10.0,90,15.25
Guwahati,2023-10-09,31.2,23.6,3.7,11.4,66,17.55
Guwahati,2023-10-10,30.4,23.4,4.7,7.6,71,16.06
Guwahati,2023-10-11,30.6,22.9,3.2,7.4,32,17.53
Guwahati,2023-10-12,29.9,23.1,6.1,7.7,49,15.03
Guwahati,2023-10-13,29.3,22.7,0.9,9.2,40,16.32
Guwahati,2023-10-14,29.3,21.2,1.2,11.2,21,17.09
Guwahati,2023-10-15,29.8,20.4,1.6,7.2,13,17.78
Guwahati,2023-10-16,30.5,20.7,0.6,7.5,14,18.21
Guwahati,2023-10-17,30.8,21.2,2.0,9.7,13,17.59
Guwahati,2023-10-18,30.2,20.8,0.9,5.9,14,17.88
Guwahati,2023-10-19,29.4,20.5,1.6,8.2,15,17.14
Guwahati,2023-10-20,29.9,20.2,0.0,9.2,6,17.83
Guwahati,2023-10-21,30.4,20.4,0.0,12.3,6,18.5
Guwahati,2023-10-22,30.9,20.0,0.0,11.3,6,18.15
Guwahati,2023-10-23,30.8,21.7,0.0,10.0,92,15.39
Guwahati,2023-10-24,29.3,22.1,0.0,8.1,99,10.79
Guwahati,2023-10-25,30.4,21.1,0.3,11.3,45,15.53
Guwahati,2023-10-26,29.5,20.6,0.5,7.4,18,16.59
Guwahati,2023-10-27,29.5,20.6,0.8,8.7,23,16.41
Guwahati,2023-10-28,29.8,19.8,0.0,6.1,8,16.7
Guwahati,2023-10-29,30.2,19.4,0.0,9.5,7,16.87
Guwahati,2023-10-30,30.9,19.0,0.0,9.5,16,16.64
Guwahati,2023-10-31,31.5,19.8,0.0,9.3,32,16.8
Guwahati,2023-11-01,31.9,19.0,0.0,7.1,0,16.73
Guwahati,2023-11-02,31.1,18.7,0.0,6.9,2,16.84
Guwahati,2023-11-03,30.1,19.8,0.0,6.5,26,15.14
Guwahati,2023-11-04,28.6,20.0,11.1,13.6,18,15.62
Guwahati,2023-11-05,27.9,19.9,0.1,11.4,48,13.37
Guwahati,2023-11-06,29.0,18.1,0.0,8.9,6,15.85
Guwahati,2023-11-07,29.4,17.6,0.0,8.1,27,15.46
Guwahati,2023-11-08,28.8,18.3,0.3,7.4,11,14.48
Guwahati,2023-11-09,29.1,17.3,0.0,7.6,5,15.56
Guwahati,2023-11-10,28.8,17.9,0.0,8.4,4,15.61
Guwahati,2023-11-11,29.0,17.7,0.0,9.2,7,15.4
Guwahati,2023-11-12,29.5,17.1,0.0,9.3,2,15.1
Guwahati,2023-11-13,29.2,16.8,0.0,10.7,14,15.44
Guwahati,2023-11-14,29.4,16.3,0.0,10.8,26,14.72
Guwahati,2023-11-15,29.6,16.7,0.0,10.5,66,14.99
Guwahati,2023-11-16,29.3,18.7,0.0,11.9,100,11.67
Guwahati,2023-11-17,23.1,20.2,5.1,16.9,96,5.5
Guwahati,2023-11-18,26.2,18.3,0.0,10.3,21,13.78
Guwahati,2023-11-19,27.8,16.5,0.0,9.5,1,14.14
Guwahati,2023-11-20,28.3,17.5,0.2,5.4,15,13.45
Guwahati,2023-11-21,28.0,18.7,1.5,8.0,24,13.28
Guwahati,2023-11-22,27.0,18.7,3.7,7.4,26,12.82
Guwahati,2023-11-23,27.4,17.2,0.0,9.3,13,13.58
Guwahati,2023-11-24,28.6,16.1,0.0,7.3,2,13.58
Guwahati,2023-11-25,28.4,16.2,0.0,11.0,0,14.28
Guwahati,2023-11-26,28.2,14.6,0.0,11.1,15,14.26
Guwahati,2023-11-27,28.4,14.2,0.0,10.9,27,14.29
Guwahati,2023-11-28,28.3,16.2,0.0,8.2,39,13.33
Guwahati,2023-11-29,27.6,15.5,0.0,8.9,39,11.98
Guwahati,2023-11-30,27.8,15.4,0.0,12.3,7,13.38
Guwahati,2023-12-01,28.1,15.2,0.0,10.1,14,13.53
Guwahati,2023-12-02,28.3,16.7,0.0,8.0,46,12.56
Guwahati,2023-12-03,27.8,15.9,0.0,8.2,72,12.84
Guwahati,2023-12-04,27.9,15.0,0.0,7.9,97,12.58
Guwahati,2023-12-05,26.3,17.7,0.2,5.1,98,7.88
Guwahati,2023-12-06,27.0,17.1,0.0,9.9,80,10.34
Guwahati,2023-12-07,22.8,19.4,4.6,9.2,100,3.05
Guwahati,2023-12-08,23.9,17.0,2.9,12.7,58,8.65
Guwahati,2023-12-09,25.1,15.9,1.3,6.8,48,10.57
Guwahati,2023-12-10,23.9,16.9,2.0,6.8,31,11.63
Guwahati,2023-12-11,24.9,14.7,0.2,10.1,7,11.57
Guwahati,2023-12-12,24.8,13.8,1.2,6.4,28,11.73
Guwahati,2023-12-13,22.6,15.6,4.5,14.5,25,10.89
Guwahati,2023-12-14,22.9,13.4,0.4,8.2,16,12.47
Guwahati,2023-12-15,23.9,12.8,0.0,9.2,14,12.57
Guwahati,2023-12-16,24.2,12.4,0.0,7.9,2,12.96
Guwahati,2023-12-17,24.7,12.4,0.0,8.0,4,12.8
Guwahati,2023-12-18,24.9,12.6,0.0,7.9,26,12.71
Guwahati,2023-12-19,24.9,12.7,0.0,11.6,38,12.76
Guwahati,2023-12-20,25.1,11.5,0.0,10.2,50,12.87
Guwahati,2023-12-21,25.3,11.6,0.0,8.7,21,12.66
Guwahati,2023-12-22,25.6,12.3,0.0,10.5,37,12.04
Guwahati,2023-12-23,24.5,12.8,0.0,8.6,86,8.88
Guwahati,2023-12-24,25.7,12.4,0.0,10.1,19,11.14
Guwahati,2023-12-25,25.8,13.4,0.0,6.6,5,12.1
Guwahati,2023-12-26,26.1,14.2,0.0,7.6,4,11.92
Guwahati,2023-12-27,26.4,13.6,0.0,7.0,15,11.87
Guwahati,2023-12-28,26.7,14.4,0.0,7.1,17,11.22
Guwahati,2023-12-29,26.9,13.4,0.0,8.9,0,12.24
Guwahati,2023-12-30,26.6,12.9,0.0,8.3,4,11.87
Guwahati,2023-12-31,26.3,13.7,0.0,8.6,11,11.91
Guwahati,2024-01-01,25.6,14.0,0.0,6.9,7,12.01
Guwahati,2024-01-02,25.3,13.7,0.0,8.4,9,11.88
Guwahati,2024-01-03,25.4,13.1,0.2,10.6,9,12.05
Guwahati,2024-01-04,25.3,13.5,0.1,7.3,10,11.97
Guwahati,2024-01-05,24.9,13.3,0.0,8.8,4,11.82
Guwahati,2024-01-06,25.1,12.2,0.0,7.4,16,12.38
Guwahati,2024-01-07,25.2,12.2,0.0,8.0,0,12.44
Guwahati,2024-01-08,24.2,12.1,0.0,7.3,2,12.17
Guwahati,2024-01-09,23.8,11.5,0.0,7.0,3,12.36
Guwahati,2024-01-10,23.8,12.9,0.0,8.2,24,10.57
Guwahati,2024-01-11,23.4,13.1,0.0,10.1,12,11.15
Guwahati,2024-01-12,22.5,11.1,0.0,8.7,14,12.05
Guwahati,2024-01-13,22.3,12.8,0.0,8.1,38,11.03
Guwahati,2024-01-14,23.4,13.2,0.0,9.7,40,11.54
Guwahati,2024-01-15,24.0,10.7,0.0,7.5,29,11.31
Guwahati,2024-01-16,22.9,12.9,3.1,9.0,36,11.51
Guwahati,2024-01-17,20.6,12.8,0.5,7.2,51,8.45
Guwahati,2024-01-18,22.3,11.5,0.1,7.1,33,12.36
Guwahati,2024-01-19,23.1,10.3,0.0,9.0,8,12.34
Guwahati,2024-01-20,23.5,10.0,0.0,11.4,13,13.01
Guwahati,2024-01-21,22.2,12.7,3.3,8.7,41,10.83
Guwahati,2024-01-22,22.7,10.6,0.0,8.8,20,12.96
Guwahati,2024-01-23,23.1,10.2,0.3,12.1,38,12.12
Guwahati,2024-01-24,22.4,11.4,1.5,7.4,28,12.03
Guwahati,2024-01-25,22.4,11.9,1.0,14.0,37,12.64
Guwahati,2024-01-26,22.2,10.9,0.0,7.9,22,12.1
Guwahati,2024-01-27,21.1,10.3,1.0,8.2,37,10.22
Guwahati,2024-01-28,22.5,10.4,1.1,10.2,17,12.51
Guwahati,2024-01-29,24.0,10.6,0.0,7.4,18,13.13
Guwahati,2024-01-30,23.1,11.4,2.3,17.9,20,12.05
Guwahati,2024-01-31,22.2,11.5,1.8,10.0,38,10.88
Guwahati,2024-02-01,22.8,13.3,0.1,10.6,49,11.3
Guwahati,2024-02-02,21.8,12.2,2.2,10.7,27,11.99
Guwahati,2024-02-03,23.4,10.9,0.1,11.4,31,13.57
Guwahati,2024-02-04,23.4,11.0,0.0,9.4,33,13.2
Guwahati,2024-02-05,21.9,13.2,0.7,8.9,59,10.25
Guwahati,2024-02-06,22.5,13.2,2.4,11.4,40,10.93
Guwahati,2024-02-07,22.4,13.4,0.6,7.8,41,13.67
Guwahati,2024-02-08,22.4,10.9,0.0,7.7,44,14.8
Guwahati,2024-02-09,23.8,10.7,0.0,9.2,4,14.43
Guwahati,2024-02-10,25.5,10.4,0.0,11.9,1,15.39
Guwahati,2024-02-11,27.2,11.4,0.0,8.6,11,15.24
Guwahati,2024-02-12,27.5,13.5,0.0,7.9,1,15.36
Guwahati,2024-02-13,27.9,12.7,0.0,8.6,18,15.22
Guwahati,2024-02-14,27.5,12.0,0.0,9.7,59,14.15
Guwahati,2024-02-15,27.0,16.4,2.6,10.2,30,14.34
Guwahati,2024-02-16,27.4,14.1,0.0,8.9,21,14.5
Guwahati,2024-02-17,26.1,15.5,0.9,11.0,15,13.85
Guwahati,2024-02-18,27.5,14.4,0.1,10.8,29,14.35
Guwahati,2024-02-19,27.1,13.2,1.6,7.9,17,13.11
Guwahati,2024-02-20,27.2,13.3,0.9,8.4,22,13.96
Guwahati,2024-02-21,25.5,15.7,19.6,9.2,43,13.62
Guwahati,2024-02-22,23.8,14.6,1.4,15.6,59,8.6
Guwahati,2024-02-23,25.3,14.3,0.9,10.0,35,13.68
Guwahati,2024-02-24,26.0,12.3,0.0,10.5,5,13.68
Guwahati,2024-02-25,23.3,13.5,0.7,8.2,47,9.68
Guwahati,2024-02-26,24.1,11.3,0.0,12.4,65,12.61
Guwahati,2024-02-27,26.6,11.1,0.0,7.9,66,13.41
Guwahati,2024-02-28,26.8,14.2,0.0,15.1,14,14.62
Guwahati,2024-02-29,27.2,12.6,0.0,9.5,9,14.25
Guwahati,2024-03-01,27.6,15.1,0.0,12.1,16,13.7
Guwahati,2024-03-02,29.4,15.0,0.0,11.0,21,14.12
Guwahati,2024-03-03,29.2,16.4,0.0,17.0,15,13.75
Guwahati,2024-03-04,28.9,16.8,0.0,22.3,22,11.53
Guwahati,2024-03-05,29.5,15.8,0.0,22.0,5,14.23
Guwahati,2024-03-06,27.8,13.5,0.0,8.7,0,14.46
Guwahati,2024-03-07,28.0,13.2,0.0,8.7,0,14.24
Guwahati,2024-03-08,29.0,12.9,0.0,15.6,0,14.36
Guwahati,2024-03-09,29.2,13.6,0.0,10.3,2,14.09
Guwahati,2024-03-10,30.3,13.7,0.0,8.1,0,13.89
Guwahati,2024-03-11,30.5,15.3,0.0,9.7,0,13.82
Guwahati,2024-03-12,32.0,16.7,0.0,16.6,7,13.78
Guwahati,2024-03-13,31.1,16.3,0.0,10.0,10,13.74
Guwahati,2024-03-14,31.9,16.6,2.8,12.4,19,13.23
Guwahati,2024-03-15,30.6,15.8,0.0,9.7,4,13.1
Guwahati,2024-03-16,30.4,15.7,0.0,7.9,29,12.35
Guwahati,2024-03-17,32.3,16.9,0.0,15.3,14,12.61
Guwahati,2024-03-18,32.0,16.1,0.0,10.9,47,13.06
Guwahati,2024-03-19,29.9,17.3,0.0,8.2,86,9.13
Guwahati,2024-03-20,21.7,18.4,14.1,12.1,95,1.79
Guwahati,2024-03-21,23.0,16.9,7.6,8.0,98,6.36
Guwahati,2024-03-22,25.8,16.5,1.4,9.2,48,12.98
Guwahati,2024-03-23,25.3,16.0,5.0,7.5,36,12.09
Guwahati,2024-03-24,27.4,16.7,1.7,8.4,58,11.2
Guwahati,2024-03-25,27.3,17.9,2.7,15.0,72,12.91
Guwahati,2024-03-26,28.0,17.4,8.4,9.4,33,12.64
Guwahati,2024-03-27,27.5,17.0,0.1,13.5,64,13.55
Guwahati,2024-03-28,29.4,16.8,1.0,10.2,35,14.55
Guwahati,2024-03-29,31.0,18.3,0.5,8.7,52,14.55
Guwahati,2024-03-30,30.9,20.6,3.7,10.3,86,13.33
Guwahati,2024-03-31,27.4,21.1,6.2,12.6,74,11.61
Guwahati,2024-04-01,30.2,18.9,0.0,9.8,30,16.08
Guwahati,2024-04-02,30.8,18.4,0.0,8.4,30,16.93
Guwahati,2024-04-03,30.2,18.5,0.0,8.9,28,17.32
Guwahati,2024-04-04,30.9,18.4,0.1,14.0,50,17.66
Guwahati,2024-04-05,29.6,20.7,6.6,10.1,47,13.73
Guwahati,2024-04-06,32.0,20.2,0.0,8.0,31,17.36
Guwahati,2024-04-07,34.4,20.1,0.0,17.1,63,17.75
Guwahati,2024-04-08,31.7,22.5,0.0,9.4,66,14.07
Guwahati,2024-04-09,32.6,19.3,0.0,8.5,51,17.14
Guwahati,2024-04-10,32.7,19.4,0.0,10.7,64,17.76
Guwahati,2024-04-11,33.6,19.3,1.5,13.9,73,17.54
Guwahati,2024-04-12,33.7,21.0,0.3,11.4,51,19.36
Guwahati,2024-04-13,34.8,20.2,0.0,14.1,30,19.86
Guwahati,2024-04-14,35.0,20.6,0.0,14.1,48,18.8
Guwahati,2024-04-15,35.5,22.3,0.0,14.1,27,18.55
Guwahati,2024-04-16,30.6,22.8,7.8,15.8,81,13.87
Guwahati,2024-04-17,32.7,21.7,0.0,15.4,43,18.96
Guwahati,2024-04-18,33.0,20.6,0.4,13.4,51,20.34
Guwahati,2024-04-19,32.1,21.3,1.3,15.5,40,16.81
Guwahati,2024-04-20,30.6,21.5,4.2,19.0,54,17.13
Guwahati,2024-04-21,33.7,21.0,0.9,17.6,62,20.15
Guwahati,2024-04-22,34.3,21.9,0.2,12.1,65,20.73
Guwahati,2024-04-23,35.4,22.3,0.0,14.0,60,19.16
Guwahati,2024-04-24,39.3,22.6,0.0,29.9,14,20.44
Guwahati,2024-04-25,34.0,20.5,0.0,13.7,2,22.76
Guwahati,2024-04-26,36.1,21.6,0.4,20.6,3,22.23
Guwahati,2024-04-27,35.2,22.5,3.7,15.5,46,20.67
Guwahati,2024-04-28,35.0,22.3,0.0,19.6,47,21.19
Guwahati,2024-04-29,35.3,21.9,0.7,17.7,9,21.89
Guwahati,2024-04-30,34.1,22.5,0.0,17.3,5,22.38
Guwahati,2024-05-01,38.0,21.8,0.0,30.2,8,22.36
Guwahati,2024-05-02,40.0,23.6,0.0,29.0,11,21.88
Guwahati,2024-05-03,34.2,21.6,0.0,13.0,8,23.53
Guwahati,2024-05-04,37.0,21.7,0.9,14.8,63,21.45
Guwahati,2024-05-05,29.1,21.6,15.6,18.8,76,14.27
Guwahati,2024-05-06,27.8,20.9,23.5,18.2,75,14.75
Guwahati,2024-05-07,30.4,20.6,10.2,13.3,52,19.4
Guwahati,2024-05-08,30.2,20.8,1.2,11.2,75,16.91
Guwahati,2024-05-09,30.0,22.6,3.9,8.1,82,19.21
Guwahati,2024-05-10,31.1,21.4,5.5,10.9,75,19.31
Guwahati,2024-05-11,31.8,22.1,10.7,7.0,36,23.26
Guwahati,2024-05-12,32.3,22.1,0.1,8.1,40,21.41
Guwahati,2024-05-13,31.6,23.1,16.6,7.2,53,20.91
Guwahati,2024-05-14,34.5,23.3,0.1,8.7,28,23.74
Guwahati,2024-05-15,35.1,25.6,0.5,11.7,46,23.09
Guwahati,2024-05-16,34.5,24.5,17.9,13.9,37,22.26
Guwahati,2024-05-17,35.7,24.8,0.9,22.1,48,23.18
Guwahati,2024-05-18,30.9,24.4,8.6,15.1,89,16.53
Guwahati,2024-05-19,32.0,23.7,18.3,11.8,78,19.08
Guwahati,2024-05-20,32.1,23.4,3.6,7.7,75,18.83
Guwahati,2024-05-21,33.2,22.7,10.7,13.0,24,23.22
Guwahati,2024-05-22,35.3,24.5,1.1,9.6,45,24.17
Guwahati,2024-05-23,34.5,24.9,0.1,12.8,29,23.87
Guwahati,2024-05-24,35.6,25.8,4.6,10.7,22,23.34
Guwahati,2024-05-25,37.5,25.5,0.0,14.7,6,25.3
Guwahati,2024-05-26,37.2,27.2,0.2,9.8,43,21.7
Guwahati,2024-05-27,30.0,25.6,38.8,27.0,100,7.57
Guwahati,2024-05-28,26.9,24.8,65.3,34.7,84,3.94
Guwahati,2024-05-29,31.7,24.5,2.7,13.1,83,21.68
Guwahati,2024-05-30,31.5,24.5,10.7,11.8,92,17.18
Guwahati,2024-05-31,30.0,24.4,13.0,11.1,71,17.1
Guwahati,2024-06-01,31.3,24.6,3.9,10.7,74,20.56
Guwahati,2024-06-02,31.7,24.1,7.3,9.9,59,20.82
Guwahati,2024-06-03,31.9,24.1,21.2,12.3,87,18.85
Guwahati,2024-06-04,31.0,24.1,15.2,10.9,83,18.58
Guwahati,2024-06-05,31.9,23.4,7.1,7.5,51,19.3
Guwahati,2024-06-06,32.6,24.1,6.1,9.4,61,19.63
Guwahati,2024-06-07,33.1,24.9,1.1,12.6,25,24.12
Guwahati,2024-06-08,32.3,24.8,6.0,10.5,58,21.14
Guwahati,2024-06-09,31.7,24.9,6.6,12.4,94,14.67
Guwahati,2024-06-10,30.3,25.3,2.3,8.2,97,14.53
Guwahati,2024-06-11,33.1,25.4,8.4,8.4,77,20.34
Guwahati,2024-06-12,33.4,25.3,8.6,7.2,95,21.45
Guwahati,2024-06-13,31.3,25.2,19.9,11.2,91,12.64
Guwahati,2024-06-14,30.1,25.4,7.3,9.3,97,12.51
Guwahati,2024-06-15,29.4,24.3,86.1,8.0,100,8.14
Guwahati,2024-06-16,27.6,25.1,45.6,11.7,100,5.95
Guwahati,2024-06-17,29.3,25.0,58.6,7.8,100,7.63
Guwahati,2024-06-18,27.5,24.5,66.1,12.1,100,6.69
Guwahati,2024-06-19,27.2,23.6,39.0,17.2,100,8.18
Guwahati,2024-06-20,30.0,24.8,23.8,10.9,90,13.67
Guwahati,2024-06-21,32.0,24.5,0.7,5.6,66,21.5
Guwahati,2024-06-22,32.6,25.5,5.6,8.0,79,18.7
Guwahati,2024-06-23,33.3,26.0,13.8,8.7,96,22.86
Guwahati,2024-06-24,32.7,25.8,9.6,11.2,100,17.32
Guwahati,2024-06-25,32.2,26.1,8.9,13.2,100,20.5
Guwahati,2024-06-26,32.5,25.7,16.7,12.1,98,18.59
Guwahati,2024-06-27,31.7,25.7,15.6,9.4,100,14.82
Guwahati,2024-06-28,29.6,25.4,23.0,7.9,99,11.4
Guwahati,2024-06-29,29.7,25.3,46.1,8.8,100,9.22
Guwahati,2024-06-30,30.0,25.6,51.4,6.7,100,11.02
Guwahati,2024-07-01,26.8,25.4,57.2,12.3,100,3.57
Guwahati,2024-07-02,29.4,24.8,27.7,11.6,90,11.02
Guwahati,2024-07-03,31.8,25.3,26.3,8.7,97,15.56
Guwahati,2024-07-04,30.2,25.6,18.0,4.7,100,13.76
Guwahati,2024-07-05,30.5,25.7,14.0,8.0,100,13.64
Guwahati,2024-07-06,31.3,25.5,21.2,6.6,94,16.31
Guwahati,2024-07-07,31.8,25.2,8.2,9.4,96,18.93
Guwahati,2024-07-08,32.0,26.3,11.3,13.6,95,20.81
Guwahati,2024-07-09,30.8,26.4,6.0,15.0,99,17.02
Guwahati,2024-07-10,29.7,25.8,8.8,10.3,99,12.83
Guwahati,2024-07-11,30.8,25.4,5.3,9.4,92,13.65
Guwahati,2024-07-12,30.7,25.7,44.7,9.7,100,9.94
Guwahati,2024-07-13,33.2,26.3,2.4,8.0,89,21.99
Guwahati,2024-07-14,33.4,26.4,30.1,7.9,98,21.28
Guwahati,2024-07-15,33.1,26.6,57.5,6.9,100,16.55
Guwahati,2024-07-16,31.4,26.6,16.1,8.9,99,13.91
Guwahati,2024-07-17,34.3,26.0,2.7,10.5,92,23.59
Guwahati,2024-07-18,33.4,26.9,2.6,7.4,100,17.89
Guwahati,2024-07-19,35.1,26.4,4.1,11.4,90,23.09
Guwahati,2024-07-20,32.4,26.3,22.5,7.7,99,17.18
Guwahati,2024-07-21,32.7,26.6,27.5,6.5,100,17.52
Guwahati,2024-07-22,31.7,26.3,113.5,6.4,98,15.31
Guwahati,2024-07-23,31.1,26.5,6.0,6.6,100,14.24
Guwahati,2024-07-24,32.6,26.4,5.5,7.1,99,16.44
Guwahati,2024-07-25,32.5,26.2,30.3,6.8,99,14.57
Guwahati,2024-07-26,36.0,27.1,0.4,15.3,99,23.41
Guwahati,2024-07-27,37.2,27.4,0.1,11.3,92,24.2
Guwahati,2024-07-28,35.0,27.4,2.1,11.2,92,21.03
Guwahati,2024-07-29,32.4,26.4,18.2,8.0,99,14.98
Guwahati,2024-07-30,31.8,26.6,15.2,6.9,90,16.47
Guwahati,2024-07-31,33.4,26.0,9.6,6.6,62,19.09
Guwahati,2024-08-01,32.2,26.3,1.4,20.1,85,18.94
Guwahati,2024-08-02,29.4,26.1,24.2,8.0,100,7.04
Guwahati,2024-08-03,29.9,25.4,28.8,9.4,83,12.51
Guwahati,2024-08-04,31.7,25.0,2.0,7.8,84,19.67
Guwahati,2024-08-05,30.5,26.0,33.8,7.3,100,12.41
Guwahati,2024-08-06,27.3,25.6,86.9,6.2,100,4.25
Guwahati,2024-08-07,31.5,25.3,13.5,8.9,94,16.62
Guwahati,2024-08-08,30.1,25.3,17.8,8.4,100,12.01
Guwahati,2024-08-09,30.1,25.2,9.5,6.3,95,12.19
Guwahati,2024-08-10,30.3,25.4,7.1,5.9,92,14.18
Guwahati,2024-08-11,29.3,25.8,13.3,6.4,100,9.27
Guwahati,2024-08-12,30.7,25.7,26.6,7.7,100,13.66
Guwahati,2024-08-13,33.1,25.7,10.3,8.2,97,21.28
Guwahati,2024-08-14,33.3,26.1,0.9,8.7,95,21.35
Guwahati,2024-08-15,32.2,26.0,11.4,8.2,68,13.91
Guwahati,2024-08-16,34.1,25.6,4.9,10.4,45,22.76
Guwahati,2024-08-17,33.1,25.3,16.6,14.2,83,20.1
Guwahati,2024-08-18,30.8,24.7,23.7,8.7,99,14.04
Guwahati,2024-08-19,29.4,25.3,23.1,15.5,100,8.78
Guwahati,2024-08-20,29.0,24.6,98.0,18.4,95,10.45
Guwahati,2024-08-21,30.0,24.1,44.5,15.9,99,9.92
Guwahati,2024-08-22,30.3,25.3,8.7,12.2,95,10.45
Guwahati,2024-08-23,32.4,25.6,3.0,11.8,63,17.21
Guwahati,2024-08-24,32.9,25.1,24.7,9.0,74,20.42
Guwahati,2024-08-25,33.3,25.0,6.2,6.4,69,19.57
Guwahati,2024-08-26,32.1,25.3,6.0,10.8,74,16.51
Guwahati,2024-08-27,32.3,25.4,0.4,8.3,65,19.47
Guwahati,2024-08-28,32.7,26.1,0.1,8.6,64,18.96
Guwahati,2024-08-29,32.6,25.8,3.4,9.2,54,17.59
Guwahati,2024-08-30,34.6,26.3,1.3,12.8,92,22.26
Guwahati,2024-08-31,32.9,26.1,22.2,8.2,100,17.85
Guwahati,2024-09-01,31.5,25.1,14.0,8.4,90,15.12
Guwahati,2024-09-02,33.3,25.6,6.4,8.5,84,20.7
Guwahati,2024-09-03,31.7,25.8,30.7,11.8,100,14.47
Guwahati,2024-09-04,31.7,25.0,10.6,8.9,89,18.31
Guwahati,2024-09-05,30.8,25.1,18.1,6.5,94,14.58
Guwahati,2024-09-06,33.7,24.7,0.8,9.9,68,22.51
Guwahati,2024-09-07,34.7,25.8,0.4,14.6,55,21.69
Guwahati,2024-09-08,34.6,26.3,1.6,9.7,48,21.27
Guwahati,2024-09-09,33.4,26.8,3.5,9.7,54,20.06
Guwahati,2024-09-10,33.3,26.2,1.8,10.9,87,20.53
Guwahati,2024-09-11,31.6,26.3,3.7,11.9,91,14.86
Guwahati,2024-09-12,34.2,25.8,0.0,10.4,80,22.38
Guwahati,2024-09-13,34.5,26.6,0.4,17.7,86,21.5
Guwahati,2024-09-14,33.4,27.3,0.2,15.2,74,15.3
Guwahati,2024-09-15,31.4,26.0,2.4,8.6,87,9.22
Guwahati,2024-09-16,32.2,25.1,6.8,6.8,95,16.11
Guwahati,2024-09-17,33.8,24.7,0.7,7.6,83,21.21
Guwahati,2024-09-18,34.4,25.8,0.0,6.2,28,20.05
Guwahati,2024-09-19,35.8,26.4,0.2,7.3,20,21.72
Guwahati,2024-09-20,35.9,27.0,0.0,6.8,42,21.41
Guwahati,2024-09-21,36.7,26.4,0.0,6.2,53,21.01
Guwahati,2024-09-22,36.6,27.2,0.0,8.7,72,21.34
Guwahati,2024-09-23,38.0,27.9,0.0,11.8,67,21.25
Guwahati,2024-09-24,32.5,25.6,24.9,12.9,100,11.08
Guwahati,2024-09-25,30.8,25.8,15.7,8.4,100,9.48
Guwahati,2024-09-26,26.6,25.1,27.3,6.7,100,4.83
Guwahati,2024-09-27,29.8,24.7,3.1,7.5,95,14.23
Guwahati,2024-09-28,29.8,24.0,1.3,14.2,92,16.37
Guwahati,2024-09-29,30.5,25.0,4.5,13.8,99,13.83
Guwahati,2024-09-30,31.5,25.2,4.8,14.8,84,17.86
Guwahati,2024-10-01,29.0,24.5,16.6,8.4,100,8.64
Guwahati,2024-10-02,30.6,25.0,10.9,12.1,99,11.8
Guwahati,2024-10-03,27.8,24.9,25.4,15.2,98,6.33
Guwahati,2024-10-04,25.9,24.1,42.7,12.6,100,3.25
Guwahati,2024-10-05,25.9,23.8,33.8,12.3,100,5.42
Guwahati,2024-10-06,28.4,23.6,11.4,9.8,90,8.04
Guwahati,2024-10-07,31.2,23.3,0.6,7.1,27,18.25
Guwahati,2024-10-08,29.8,23.2,5.2,15.7,65,15.7
Guwahati,2024-10-09,29.0,23.6,4.1,14.6,82,14.79
Guwahati,2024-10-10,28.9,23.0,2.3,7.4,78,14.48
Guwahati,2024-10-11,29.4,22.5,10.3,13.8,46,16.04
Guwahati,2024-10-12,28.6,23.1,0.6,9.6,63,11.84
Guwahati,2024-10-13,29.5,22.2,0.8,8.0,49,16.59
Guwahati,2024-10-14,29.8,20.6,0.1,7.9,40,17.62
Guwahati,2024-10-15,30.0,21.5,1.0,10.3,37,16.0
Guwahati,2024-10-16,28.1,21.5,5.6,9.2,43,15.01
Guwahati,2024-10-17,29.3,20.3,0.6,6.3,42,17.25
Guwahati,2024-10-18,28.9,21.4,1.5,8.1,45,15.45
Guwahati,2024-10-19,28.5,21.2,1.6,7.9,32,17.02
Guwahati,2024-10-20,29.3,20.8,0.0,12.9,25,17.31
Guwahati,2024-10-21,30.3,20.2,0.0,12.0,40,16.87
Guwahati,2024-10-22,31.0,21.3,0.0,12.7,15,17.73
Guwahati,2024-10-23,29.3,21.9,1.1,14.7,77,10.16
Guwahati,2024-10-24,24.8,22.2,3.6,11.1,100,4.48
Guwahati,2024-10-25,27.3,21.5,7.4,13.6,99,12.8
Guwahati,2024-10-26,27.9,21.8,2.4,9.8,90,11.46
Guwahati,2024-10-27,29.9,21.5,0.0,7.2,23,16.92
Guwahati,2024-10-28,30.0,20.9,0.0,6.1,3,17.17
Guwahati,2024-10-29,29.1,21.3,0.9,9.8,19,15.03
Guwahati,2024-10-30,29.4,22.7,14.1,11.9,63,14.25
Guwahati,2024-10-31,28.0,22.3,4.3,8.0,58,9.81
Guwahati,2024-11-01,28.4,21.2,1.6,8.5,52,12.36
Guwahati,2024-11-02,29.5,20.3,0.0,8.6,3,15.55
Guwahati,2024-11-03,29.8,19.9,0.0,6.4,1,16.55
Guwahati,2024-11-04,30.1,20.1,0.0,8.9,11,14.77
Guwahati,2024-11-05,30.4,21.1,0.0,11.4,36,14.38
Guwahati,2024-11-06,28.3,19.9,0.2,7.1,94,12.38
Guwahati,2024-11-07,28.3,18.9,0.0,9.1,41,15.02
Guwahati,2024-11-08,27.7,18.5,0.0,10.3,1,15.77
Guwahati,2024-11-09,28.3,18.0,0.0,12.2,0,15.56
Guwahati,2024-11-10,29.1,18.0,0.0,9.9,4,15.12
Guwahati,2024-11-11,29.5,18.3,0.0,6.5,7,15.28
Guwahati,2024-11-12,28.5,18.6,2.0,9.0,30,14.07
Guwahati,2024-11-13,28.5,18.3,0.0,6.7,5,14.53
Guwahati,2024-11-14,29.0,18.2,0.0,6.1,2,14.59
Guwahati,2024-11-15,28.4,18.1,0.0,6.1,5,14.62
Guwahati,2024-11-16,28.1,17.7,0.5,5.8,27,13.78
Guwahati,2024-11-17,28.3,19.7,0.0,4.9,12,13.86
Guwahati,2024-11-18,28.4,17.6,0.0,8.4,2,14.53
Guwahati,2024-11-19,28.6,17.1,0.0,8.2,2,14.72
Guwahati,2024-11-20,27.9,15.7,0.0,11.9,7,13.7
Guwahati,2024-11-21,28.5,15.6,0.0,11.3,14,13.54
Guwahati,2024-11-22,26.2,15.3,3.0,14.9,37,12.15
Guwahati,2024-11-23,26.1,16.0,0.0,8.8,25,12.66
Guwahati,2024-11-24,25.0,16.8,1.8,8.1,46,12.08
Guwahati,2024-11-25,25.3,16.1,0.0,12.0,36,13.4
Guwahati,2024-11-26,26.1,16.0,0.0,10.4,34,12.82
Guwahati,2024-11-27,26.6,15.1,0.0,10.6,8,13.38
Guwahati,2024-11-28,26.8,14.6,0.0,12.4,44,13.72
Guwahati,2024-11-29,27.3,14.4,0.0,11.4,0,13.97
Guwahati,2024-11-30,27.4,14.0,0.0,8.3,38,13.98
Guwahati,2024-12-01,26.4,14.8,0.0,6.7,46,13.5
Guwahati,2024-12-02,26.5,14.7,0.0,9.3,5,13.76
Guwahati,2024-12-03,26.1,14.3,0.0,6.9,7,13.7
Guwahati,2024-12-04,25.7,15.7,0.2,6.3,22,12.7
Guwahati,2024-12-05,25.1,15.0,0.5,6.9,23,12.07
Guwahati,2024-12-06,24.5,15.0,3.8,6.9,40,12.44
Guwahati,2024-12-07,24.0,16.4,1.1,6.9,31,12.24
Guwahati,2024-12-08,24.8,15.0,0.0,10.4,12,12.59
Guwahati,2024-12-09,24.3,13.7,0.0,7.3,70,10.7
Guwahati,2024-12-10,23.5,15.5,0.4,8.5,66,11.76
Guwahati,2024-12-11,23.4,14.4,0.2,6.1,50,12.09
Guwahati,2024-12-12,24.2,13.8,0.0,7.1,31,12.63
Guwahati,2024-12-13,24.1,12.0,0.0,7.6,64,13.02
Guwahati,2024-12-14,24.5,12.9,0.0,8.5,3,12.99
Guwahati,2024-12-15,24.4,11.7,0.0,10.2,0,13.36
Guwahati,2024-12-16,24.8,10.7,0.0,6.7,0,13.4
Guwahati,2024-12-17,23.4,10.9,0.0,6.3,6,12.48
Guwahati,2024-12-18,23.7,11.9,0.0,7.0,4,12.47
Guwahati,2024-12-19,24.8,13.5,0.0,7.7,21,12.46
Guwahati,2024-12-20,24.6,13.6,0.0,6.2,78,12.29
Guwahati,2024-12-21,24.3,14.2,0.0,9.5,25,12.6
Guwahati,2024-12-22,23.5,13.5,0.2,8.6,14,12.14
Guwahati,2024-12-23,23.8,11.8,0.0,8.2,4,12.74
Guwahati,2024-12-24,24.0,11.8,0.0,6.8,2,12.53
Guwahati,2024-12-25,24.0,12.5,0.0,5.4,5,12.44
Guwahati,2024-12-26,24.7,12.6,0.0,7.1,0,12.28
Guwahati,2024-12-27,24.1,11.1,0.0,8.2,12,12.64
Guwahati,2024-12-28,24.6,12.0,0.0,9.7,0,12.28
Guwahati,2024-12-29,23.9,12.1,0.0,6.9,5,11.6
Guwahati,2024-12-30,24.5,13.0,0.0,7.3,2,12.46
Guwahati,2024-12-31,24.2,12.4,0.0,6.7,1,12.25
Guwahati,2025-01-01,23.7,12.2,0.0,8.3,6,12.15
Guwahati,2025-01-02,23.8,13.0,0.0,6.8,7,12.0
Guwahati,2025-01-03,24.0,12.0,0.0,5.9,8,11.84
Guwahati,2025-01-04,24.7,12.5,0.0,6.5,9,12.33
Guwahati,2025-01-05,24.6,12.6,0.0,6.7,36,12.1
Guwahati,2025-01-06,25.3,12.5,0.0,7.7,76,10.92
Guwahati,2025-01-07,23.4,14.2,10.5,14.1,47,9.84
Guwahati,2025-01-08,22.4,14.8,3.6,10.4,52,10.05
Guwahati,2025-01-09,22.4,14.3,0.9,9.7,40,11.54
Guwahati,2025-01-10,24.2,13.1,0.0,11.1,2,12.31
Guwahati,2025-01-11,24.5,11.6,0.0,10.4,13,12.47
Guwahati,2025-01-12,23.7,11.6,0.0,5.2,25,11.17
Guwahati,2025-01-13,24.1,12.3,1.5,11.4,33,10.44
Guwahati,2025-01-14,23.7,13.8,0.1,8.5,6,12.21
Guwahati,2025-01-15,24.3,11.9,0.0,10.1,28,12.43
Guwahati,2025-01-16,25.1,11.1,0.0,6.7,17,12.78
Guwahati,2025-01-17,25.4,12.7,0.0,6.3,16,12.6
Guwahati,2025-01-18,25.2,13.3,0.0,6.1,1,12.85
Guwahati,2025-01-19,24.8,13.3,0.0,7.3,4,12.97
Guwahati,2025-01-20,24.6,13.8,0.0,8.7,27,12.58
Guwahati,2025-01-21,25.3,16.7,0.0,9.4,34,11.35
Guwahati,2025-01-22,24.7,17.2,0.0,8.3,28,11.17
Guwahati,2025-01-23,24.7,15.9,0.0,7.9,36,11.96
Guwahati,2025-01-24,23.0,14.1,0.0,10.4,28,12.7
Guwahati,2025-01-25,21.9,11.7,0.3,8.1,28,12.25
Guwahati,2025-01-26,24.4,12.6,0.0,10.4,1,13.51
Guwahati,2025-01-27,24.3,12.9,0.0,8.0,3,13.35
Guwahati,2025-01-28,23.1,16.0,0.0,8.9,50,9.62
Guwahati,2025-01-29,23.4,15.8,0.8,9.8,54,10.69
Guwahati,2025-01-30,23.0,12.9,0.3,10.7,56,13.07
Guwahati,2025-01-31,23.8,13.4,0.2,9.0,65,12.68
Guwahati,2025-02-01,23.9,13.6,0.8,6.5,54,12.81
Guwahati,2025-02-02,24.2,13.1,0.1,9.1,63,13.17
Guwahati,2025-02-03,23.6,14.7,0.0,7.9,53,9.01
Guwahati,2025-02-04,26.2,13.3,0.0,8.1,46,14.06
Guwahati,2025-02-05,25.7,15.5,0.0,8.2,33,12.74
Guwahati,2025-02-06,24.7,15.6,0.4,7.2,29,13.29
Guwahati,2025-02-07,23.3,13.7,0.1,9.9,9,14.87
Guwahati,2025-02-08,24.9,13.5,0.0,7.5,10,14.67
Guwahati,2025-02-09,25.5,12.9,0.0,8.0,3,14.9
Guwahati,2025-02-10,25.2,14.7,0.0,9.9,10,14.72
Guwahati,2025-02-11,24.0,13.6,0.0,9.0,14,14.8
Guwahati,2025-02-12,24.1,14.4,0.2,9.3,32,14.21
Guwahati,2025-02-13,23.3,13.1,0.6,10.3,18,14.35
Guwahati,2025-02-14,23.3,12.9,0.0,12.1,29,14.8
Guwahati,2025-02-15,23.6,12.4,0.1,9.2,19,14.57
Guwahati,2025-02-16,23.7,12.6,0.1,10.5,19,14.64
Guwahati,2025-02-17,25.5,14.0,0.0,10.1,8,15.38
Guwahati,2025-02-18,25.3,14.5,0.0,11.3,24,14.66
Guwahati,2025-02-19,24.9,13.6,0.4,10.5,15,14.89
Guwahati,2025-02-20,25.8,14.2,0.0,11.3,16,14.83
Guwahati,2025-02-21,27.4,13.4,0.2,10.6,15,14.86
Guwahati,2025-02-22,25.5,15.5,5.4,11.9,19,14.5
Guwahati,2025-02-23,24.5,14.3,7.8,8.3,29,11.57
Guwahati,2025-02-24,25.4,12.9,4.1,13.0,24,13.27
Guwahati,2025-02-25,25.1,13.9,0.2,14.2,13,13.86
Guwahati,2025-02-26,26.6,13.9,0.0,9.3,32,14.33
Guwahati,2025-02-27,27.8,14.5,0.0,7.5,34,14.53
Guwahati,2025-02-28,28.3,15.8,0.0,7.8,28,13.13
Guwahati,2025-03-01,26.9,17.0,3.4,12.8,31,12.9
Guwahati,2025-03-02,31.2,15.3,0.0,15.4,22,14.16
Guwahati,2025-03-03,27.8,15.3,0.0,7.2,12,14.12
Guwahati,2025-03-04,27.1,14.1,0.0,8.8,7,14.7
Guwahati,2025-03-05,27.5,16.3,0.1,10.6,22,14.26
Guwahati,2025-03-06,26.9,14.0,0.0,11.5,10,14.43
Guwahati,2025-03-07,28.4,13.5,0.0,9.0,13,14.22
Guwahati,2025-03-08,26.8,16.0,0.1,10.4,13,12.99
Guwahati,2025-03-09,28.5,15.4,0.5,12.0,7,13.58
Guwahati,2025-03-10,29.7,15.5,0.0,9.0,1,13.97
Guwahati,2025-03-11,27.0,15.7,0.1,8.5,43,7.11
Guwahati,2025-03-12,26.3,17.5,5.9,11.2,66,8.66
Guwahati,2025-03-13,24.3,17.6,13.5,14.4,71,9.29
Guwahati,2025-03-14,26.1,17.0,7.3,12.2,41,11.61
Guwahati,2025-03-15,27.2,17.4,0.3,11.8,44,11.98
Guwahati,2025-03-16,27.5,18.4,0.1,9.1,32,12.01
Guwahati,2025-03-17,33.4,17.7,0.0,18.9,16,13.42
Guwahati,2025-03-18,32.0,21.7,0.0,25.9,12,14.57
Guwahati,2025-03-19,29.5,17.6,0.0,9.5,2,14.58
Guwahati,2025-03-20,29.9,16.0,0.0,8.6,8,13.97
Guwahati,2025-03-21,26.6,17.8,0.1,11.4,85,9.4
Guwahati,2025-03-22,24.3,18.7,0.5,13.6,96,6.21
Guwahati,2025-03-23,27.3,16.8,0.0,10.1,55,12.27
Guwahati,2025-03-24,30.9,16.2,0.0,10.7,1,15.1
Guwahati,2025-03-25,32.0,16.9,0.0,11.5,0,15.87
Guwahati,2025-03-26,33.4,19.1,0.0,10.4,1,16.2
Guwahati,2025-03-27,33.5,19.6,0.0,11.5,27,14.23
Guwahati,2025-03-28,34.3,22.9,0.2,15.0,26,15.21
Guwahati,2025-03-29,31.1,21.2,0.1,14.0,7,15.97
Guwahati,2025-03-30,33.5,19.9,0.0,10.7,28,16.83
Guwahati,2025-03-31,34.0,18.2,0.0,15.5,35,17.33
Guwahati,2025-04-01,33.0,20.9,0.0,10.9,33,16.46
Guwahati,2025-04-02,33.5,22.6,0.0,10.0,45,15.84
Guwahati,2025-04-03,34.5,20.9,0.0,12.2,18,17.19
Guwahati,2025-04-04,34.9,21.9,0.0,11.0,62,16.14
Guwahati,2025-04-05,34.0,21.4,0.2,10.6,9,17.43
Guwahati,2025-04-06,32.5,20.3,0.2,12.8,40,16.23
Guwahati,2025-04-07,34.9,19.9,0.0,10.1,23,17.99
Guwahati,2025-04-08,35.2,21.1,0.0,13.7,16,17.25
Guwahati,2025-04-09,32.4,23.4,0.3,10.9,75,13.97
Guwahati,2025-04-10,31.4,21.6,4.0,14.3,61,13.88
Guwahati,2025-04-11,30.8,20.5,4.1,6.8,79,15.77
Guwahati,2025-04-12,31.3,20.7,13.5,9.6,56,17.82
Guwahati,2025-04-13,29.5,20.7,3.1,9.9,52,15.25
Guwahati,2025-04-14,32.9,21.0,0.0,7.2,72,15.09
Guwahati,2025-04-15,32.5,22.0,1.6,13.5,37,16.61
Guwahati,2025-04-16,30.5,21.3,4.7,12.9,62,16.44
Guwahati,2025-04-17,28.5,21.1,6.4,9.5,85,15.05
Guwahati,2025-04-18,28.9,20.1,8.2,9.3,67,16.72
Guwahati,2025-04-19,31.8,21.3,1.2,9.2,35,20.19
Guwahati,2025-04-20,30.5,21.1,15.1,11.0,49,18.6
Guwahati,2025-04-21,29.8,21.9,10.7,10.4,62,17.16
Guwahati,2025-04-22,26.4,21.9,26.9,9.4,86,9.73
Guwahati,2025-04-23,29.5,21.4,1.2,13.8,52,17.96
Guwahati,2025-04-24,34.3,22.4,0.0,10.1,22,20.43
Guwahati,2025-04-25,30.3,22.1,0.0,10.2,27,20.41
Guwahati,2025-04-26,30.9,22.2,0.4,11.2,42,21.4
Guwahati,2025-04-27,32.2,22.0,3.7,12.8,76,18.67
Guwahati,2025-04-28,29.1,21.8,8.8,17.0,78,16.19
Guwahati,2025-04-29,25.6,20.7,5.3,15.3,73,11.49
Guwahati,2025-04-30,31.0,20.1,0.1,15.4,56,20.13
Guwahati,2025-05-01,30.1,21.1,2.1,10.7,54,16.08
Guwahati,2025-05-02,31.6,20.9,1.5,10.7,47,19.84
Guwahati,2025-05-03,31.0,19.6,7.5,10.9,18,21.45
Guwahati,2025-05-04,32.8,21.5,2.3,11.8,41,22.06
Guwahati,2025-05-05,32.6,21.8,7.5,14.3,47,20.35
Guwahati,2025-05-06,32.1,21.8,0.8,11.0,48,17.76
Guwahati,2025-05-07,32.7,21.9,6.6,15.6,28,22.34
Guwahati,2025-05-08,31.8,22.5,7.8,7.5,38,19.44
Guwahati,2025-05-09,33.6,23.1,5.7,7.0,50,22.14
Guwahati,2025-05-10,34.9,22.9,3.6,10.1,30,22.14
Guwahati,2025-05-11,34.0,23.6,7.1,13.5,34,21.33
Guwahati,2025-05-12,30.2,23.5,29.2,8.5,75,13.83
Guwahati,2025-05-13,29.3,23.1,6.0,10.6,73,16.11
Guwahati,2025-05-14,30.5,23.0,3.4,9.9,70,17.19
Guwahati,2025-05-15,30.1,23.1,15.4,12.7,89,13.25
Guwahati,2025-05-16,30.0,22.5,2.7,11.5,64,15.76
Guwahati,2025-05-17,29.6,22.5,6.2,14.1,81,15.31
Guwahati,2025-05-18,31.3,22.4,43.2,7.8,71,21.53
Guwahati,2025-05-19,27.5,22.3,2.9,7.8,76,12.59
Guwahati,2025-05-20,27.3,22.9,48.0,17.5,73,6.52
Guwahati,2025-05-21,29.7,22.9,27.5,7.9,76,16.79
Guwahati,2025-05-22,31.0,23.6,6.6,8.0,94,19.07
